RACEID,DRIVERID,CONSTRUCTORID,CIRCUITID,ROUND,YEAR,LAP DISTANCE KM,LAPS RACE,DRIVER LAST POSITION,WINS SEASON,WINS CAREER,POINTS BEFORE GP,YEARS OF EXPERIENCE,AGE,MATE LAST POSITION,CONSTRUCTOR POINTS BEFORE GP,CONSTRUCTOR WINS SEASON,Q1,Q2,Q3,BEST Q,GRID,SPRINT Y/N,MS RACE
1145,1,6,1,1,2025,5.278,57,4,0,105,223.0,17,40,5.0,652.0,0,76213.0,75919.0,75973.0,75919.0,8,0,6148777.0
1145,4,117,1,1,2025,5.278,57,9,0,32,70.0,17,43,14.0,94.0,0,76288.0,76453.0,300000.0,76288.0,12,0,10000000.0
1145,807,15,1,1,2025,5.278,57,8,0,0,41.0,15,37,16.0,4.0,0,76579.0,300000.0,300000.0,76579.0,17,0,6144727.0
1145,830,9,1,1,2025,5.278,57,6,0,63,437.0,10,27,,589.0,0,76018.0,75565.0,75481.0,75481.0,3,0,6127199.0
1145,832,3,1,1,2025,5.278,57,2,0,4,290.0,10,30,3.0,17.0,0,76360.0,75931.0,76062.0,75931.0,10,0,10000000.0
1145,839,210,1,1,2025,5.278,57,0,0,1,23.0,9,28,5.0,58.0,0,77147.0,300000.0,300000.0,77147.0,19,0,6159465.0
1145,840,117,1,1,2025,5.278,57,14,0,0,24.0,8,26,9.0,8.0,0,76369.0,76483.0,300000.0,76369.0,13,0,6143717.0
1145,842,214,1,1,2025,5.278,57,7,0,1,42.0,8,29,15.0,65.0,0,76328.0,76112.0,75980.0,75980.0,9,0,6152806.0
1145,844,6,1,1,2025,5.278,57,3,0,8,356.0,7,27,2.0,5.0,0,76029.0,75827.0,75755.0,75755.0,7,0,6146130.0
1145,846,1,1,1,2025,5.278,57,1,0,4,374.0,6,25,10.0,666.0,0,75912.0,75415.0,75096.0,75096.0,1,0,6126304.0
1145,847,131,1,1,2025,5.278,57,5,0,3,245.0,6,27,4.0,468.0,0,75971.0,75798.0,75546.0,75546.0,4,0,6134785.0
1145,848,3,1,1,2025,5.278,57,11,0,0,12.0,6,28,,10.0,0,76245.0,76017.0,75737.0,75737.0,6,0,6139077.0
1145,852,215,1,1,2025,5.278,57,12,0,0,30.0,4,24,17.0,46.0,0,76225.0,76009.0,75670.0,75670.0,5,0,6156188.0
1145,857,1,1,1,2025,5.278,57,10,0,2,292.0,2,23,1.0,27.0,0,76062.0,75468.0,75180.0,75180.0,2,0,6146752.0
1145,859,9,1,1,2025,5.278,57,17,0,0,4.0,2,23,12.0,18.0,0,77094.0,300000.0,300000.0,77094.0,18,0,10000000.0
1145,860,210,1,1,2025,5.278,57,12,0,0,7.0,1,19,,0.0,0,300000.0,300000.0,300000.0,300000.0,20,0,6166655.0
1145,862,214,1,1,2025,5.278,57,15,0,0,0.0,1,22,7.0,0.0,0,76315.0,76863.0,300000.0,76315.0,14,0,10000000.0
1145,863,131,1,1,2025,5.278,57,0,0,0,0.0,0,18,,27.0,0,76525.0,300000.0,300000.0,76525.0,16,0,6136439.0
1145,864,15,1,1,2025,5.278,57,0,0,0,0.0,0,20,,6.0,0,76516.0,77520.0,300000.0,76516.0,15,0,10000000.0
1145,865,215,1,1,2025,5.278,57,0,0,0,0.0,0,20,,0.0,0,76354.0,76175.0,300000.0,76175.0,11,0,10000000.0
1146,1,6,17,2,2025,5.451,56,10,0,105,1.0,17,40,8.0,5.0,0,91690.0,91501.0,90927.0,90927.0,5,1,10000000.0
1146,4,117,17,2,2025,5.451,56,17,0,32,0.0,17,43,6.0,8.0,0,91719.0,91688.0,300000.0,91688.0,13,1,10000000.0
1146,807,15,17,2,2025,5.451,56,7,0,0,6.0,15,37,16.0,6.0,0,91921.0,91632.0,300000.0,91632.0,12,1,5553658.0
1146,830,9,17,2,2025,5.451,56,2,0,63,18.0,10,27,15.0,18.0,0,91424.0,91142.0,90817.0,90817.0,4,1,5471682.0
1146,832,3,17,2,2025,5.451,56,18,0,4,0.0,10,30,5.0,10.0,0,91628.0,91840.0,300000.0,91628.0,15,1,5531413.0
1146,839,210,17,2,2025,5.451,56,13,0,1,0.0,9,28,14.0,0.0,0,91876.0,91625.0,300000.0,91625.0,11,1,5504995.0
1146,840,117,17,2,2025,5.451,56,6,0,0,8.0,8,26,17.0,10.0,0,91923.0,91773.0,300000.0,91773.0,14,1,5525230.0
1146,842,214,17,2,2025,5.451,56,11,0,1,0.0,8,29,19.0,0.0,0,91992.0,300000.0,300000.0,91992.0,16,1,10000000.0
1146,844,6,17,2,2025,5.451,56,8,0,8,4.0,7,27,10.0,17.0,0,91579.0,91450.0,91021.0,91021.0,6,1,10000000.0
1146,846,1,17,2,2025,5.451,56,1,1,5,25.0,6,25,9.0,27.0,1,90983.0,90787.0,90793.0,90787.0,3,1,5464774.0
1146,847,131,17,2,2025,5.451,56,3,0,3,15.0,6,27,4.0,27.0,0,91295.0,91307.0,90723.0,90723.0,2,1,5466123.0
1146,848,3,17,2,2025,5.451,56,5,0,0,10.0,6,28,18.0,17.0,0,91503.0,91595.0,91706.0,91503.0,10,1,5511347.0
1146,852,215,17,2,2025,5.451,56,12,0,0,0.0,4,24,20.0,0.0,0,91238.0,91260.0,91638.0,91238.0,9,1,5553264.0
1146,857,1,17,2,2025,5.451,56,9,0,2,2.0,2,23,1.0,78.0,1,91591.0,91200.0,90641.0,90641.0,1,1,5455026.0
1146,859,9,17,2,2025,5.451,56,15,0,0,0.0,2,23,2.0,36.0,0,92174.0,300000.0,300000.0,92174.0,20,1,5536173.0
1146,860,210,17,2,2025,5.451,56,14,0,0,0.0,1,19,13.0,14.0,0,92018.0,300000.0,300000.0,92018.0,17,1,5516329.0
1146,862,214,17,2,2025,5.451,56,19,0,0,0.0,1,22,11.0,0.0,0,92092.0,300000.0,300000.0,92092.0,18,1,5543427.0
1146,863,131,17,2,2025,5.451,56,4,0,0,12.0,0,18,3.0,57.0,0,91676.0,91590.0,91103.0,91103.0,8,1,5508774.0
1146,864,15,17,2,2025,5.451,56,16,0,0,0.0,0,20,7.0,6.0,0,92141.0,300000.0,300000.0,92141.0,19,1,5554167.0
1146,865,215,17,2,2025,5.451,56,20,0,0,0.0,0,20,12.0,3.0,0,91162.0,91253.0,91079.0,91079.0,7,1,5533901.0
1147,1,6,22,3,2025,5.807,53,19,0,105,9.0,17,40,18.0,17.0,0,87942.0,87610.0,87610.0,87610.0,8,0,4956165.0
1147,4,117,22,3,2025,5.807,53,17,0,32,0.0,17,43,9.0,10.0,0,88337.0,87897.0,300000.0,87897.0,12,0,4984316.0
1147,807,15,22,3,2025,5.807,53,15,0,0,6.0,15,37,14.0,6.0,0,88570.0,300000.0,300000.0,88570.0,16,0,5008940.0
1147,830,9,22,3,2025,5.807,53,4,0,63,36.0,10,27,12.0,36.0,0,87943.0,87502.0,86983.0,86983.0,1,0,4926983.0
1147,832,3,22,3,2025,5.807,53,10,0,4,1.0,10,30,7.0,17.0,0,88209.0,87836.0,300000.0,87836.0,15,0,5001112.0
1147,839,210,22,3,2025,5.807,53,5,0,1,10.0,9,28,8.0,14.0,0,88696.0,300000.0,300000.0,88696.0,18,0,5010421.0
1147,840,117,22,3,2025,5.807,53,9,0,0,10.0,8,26,17.0,10.0,0,89271.0,300000.0,300000.0,89271.0,20,0,5023254.0
1147,842,214,22,3,2025,5.807,53,20,0,1,0.0,8,29,13.0,0.0,0,88186.0,87822.0,300000.0,87822.0,11,0,4989105.0
1147,844,6,22,3,2025,5.807,53,18,0,8,8.0,7,27,19.0,35.0,0,87920.0,87555.0,87299.0,87299.0,4,0,4943080.0
1147,846,1,22,3,2025,5.807,53,2,1,5,44.0,6,25,1.0,78.0,2,87845.0,87146.0,86995.0,86995.0,2,0,4928406.0
1147,847,131,22,3,2025,5.807,53,3,0,3,35.0,6,27,6.0,57.0,0,87843.0,87400.0,87318.0,87318.0,5,0,4944345.0
1147,848,3,22,3,2025,5.807,53,7,0,0,16.0,6,29,10.0,19.0,0,88218.0,87783.0,87615.0,87615.0,9,0,4967350.0
1147,852,9,22,3,2025,5.807,53,16,0,0,3.0,4,24,11.0,61.0,0,87967.0,88000.0,300000.0,87967.0,14,0,4985384.0
1147,857,1,22,3,2025,5.807,53,1,1,3,34.0,2,24,2.0,111.0,2,87687.0,87507.0,87027.0,87027.0,3,0,4929112.0
1147,859,215,22,3,2025,5.807,53,12,0,0,0.0,2,23,4.0,3.0,0,88554.0,87906.0,300000.0,87906.0,13,0,5009717.0
1147,860,210,22,3,2025,5.807,53,8,0,0,4.0,1,19,5.0,15.0,0,88228.0,87711.0,87867.0,87711.0,10,0,4981512.0
1147,862,214,22,3,2025,5.807,53,13,0,0,0.0,1,22,20.0,0.0,0,88877.0,300000.0,300000.0,88877.0,19,0,5008297.0
1147,863,131,22,3,2025,5.807,53,6,0,0,22.0,0,18,3.0,75.0,0,87968.0,87639.0,87555.0,87555.0,6,0,4945654.0
1147,864,15,22,3,2025,5.807,53,14,0,0,0.0,0,20,15.0,6.0,0,88622.0,300000.0,300000.0,88622.0,17,0,5010880.0
1147,865,215,22,3,2025,5.807,53,11,0,0,0.0,0,20,16.0,7.0,0,88278.0,87775.0,87569.0,87569.0,7,0,4964117.0
1148,1,6,3,4,2025,5.412,57,7,0,105,15.0,17,40,4.0,35.0,0,91219.0,91009.0,90772.0,90772.0,9,0,5767428.0
1148,4,117,3,4,2025,5.412,57,11,0,32,0.0,17,43,20.0,10.0,0,91634.0,91886.0,300000.0,91634.0,13,0,5799775.0
1148,807,15,3,4,2025,5.412,57,16,0,0,6.0,15,37,19.0,6.0,0,92067.0,300000.0,300000.0,92067.0,16,0,10000000.0
1148,830,9,3,4,2025,5.412,57,1,1,64,61.0,10,27,12.0,61.0,1,91303.0,91019.0,90423.0,90423.0,7,0,5773830.0
1148,832,3,3,4,2025,5.412,57,14,0,4,1.0,10,30,9.0,19.0,0,91591.0,90844.0,90680.0,90680.0,8,0,10000000.0
1148,839,210,3,4,2025,5.412,57,18,0,1,10.0,9,28,10.0,15.0,0,91594.0,300000.0,300000.0,91594.0,14,0,5783679.0
1148,840,117,3,4,2025,5.412,57,20,0,0,10.0,8,26,11.0,10.0,0,92283.0,300000.0,300000.0,92283.0,19,0,5804924.0
1148,842,214,3,4,2025,5.412,57,13,0,1,0.0,8,29,15.0,0.0,0,91462.0,90643.0,90216.0,90216.0,4,0,5775437.0
1148,844,6,3,4,2025,5.412,57,4,0,8,20.0,7,27,7.0,57.0,0,91454.0,90724.0,90175.0,90175.0,2,0,5759114.0
1148,846,1,3,4,2025,5.412,57,2,1,5,62.0,6,25,3.0,111.0,2,91107.0,90560.0,90267.0,90267.0,6,0,5755708.0
1148,847,131,3,4,2025,5.412,57,5,0,3,45.0,6,27,6.0,75.0,0,91494.0,90664.0,90009.0,90009.0,3,0,5754934.0
1148,848,3,3,4,2025,5.412,57,9,0,0,18.0,6,29,14.0,19.0,0,92040.0,300000.0,300000.0,92040.0,15,0,5788274.0
1148,852,9,3,4,2025,5.412,57,12,0,0,3.0,4,24,1.0,71.0,1,91751.0,91228.0,91303.0,91228.0,10,0,5784496.0
1148,857,1,3,4,2025,5.412,57,3,1,3,49.0,2,24,2.0,151.0,2,91392.0,90454.0,89841.0,89841.0,1,0,5739435.0
1148,859,215,3,4,2025,5.412,57,17,0,0,0.0,2,23,8.0,7.0,0,92165.0,300000.0,300000.0,92165.0,17,0,5803870.0
1148,860,210,3,4,2025,5.412,57,10,0,0,5.0,1,19,18.0,20.0,0,92373.0,300000.0,300000.0,92373.0,20,0,5787029.0
1148,862,214,3,4,2025,5.412,57,15,0,0,0.0,1,22,13.0,6.0,0,91414.0,91245.0,300000.0,91245.0,11,0,5797241.0
1148,863,131,3,4,2025,5.412,57,6,0,0,30.0,0,18,5.0,93.0,0,91415.0,90716.0,90213.0,90213.0,5,0,5787451.0
1148,864,15,3,4,2025,5.412,57,19,0,0,0.0,0,20,16.0,6.0,0,92186.0,300000.0,300000.0,92186.0,18,0,5806307.0
1148,865,215,3,4,2025,5.412,57,8,0,0,4.0,0,20,17.0,7.0,0,91591.0,91271.0,300000.0,91271.0,12,0,5795749.0
1149,1,6,77,5,2025,6.174,50,5,0,105,25.0,17,40,4.0,57.0,0,88372.0,88102.0,88201.0,88102.0,7,0,4905831.0
1149,4,117,77,5,2025,6.174,50,15,0,32,0.0,17,43,17.0,10.0,0,88548.0,88303.0,300000.0,88303.0,13,0,4942675.0
1149,807,15,77,5,2025,6.174,50,20,0,0,6.0,15,37,18.0,6.0,0,88782.0,300000.0,300000.0,88782.0,18,0,4962540.0
1149,830,9,77,5,2025,6.174,50,6,1,64,69.0,10,27,9.0,71.0,1,87778.0,87529.0,87294.0,87294.0,1,0,4869601.0
1149,832,3,77,5,2025,6.174,50,19,0,4,1.0,10,30,12.0,19.0,0,88354.0,88024.0,88164.0,88024.0,6,0,4931388.0
1149,839,210,77,5,2025,6.174,50,8,0,1,14.0,9,28,10.0,20.0,0,89092.0,300000.0,300000.0,89092.0,19,0,4966481.0
1149,840,117,77,5,2025,6.174,50,17,0,0,10.0,8,26,15.0,10.0,0,88645.0,300000.0,300000.0,88645.0,16,0,4962403.0
1149,842,214,77,5,2025,6.174,50,7,0,1,6.0,8,29,14.0,6.0,0,88421.0,88025.0,88367.0,88025.0,9,0,10000000.0
1149,844,6,77,5,2025,6.174,50,4,0,8,32.0,7,27,5.0,78.0,0,88552.0,87866.0,87670.0,87670.0,4,0,4874862.0
1149,846,1,77,5,2025,6.174,50,3,1,5,77.0,6,25,1.0,151.0,3,87805.0,87481.0,300000.0,87481.0,10,0,4875954.0
1149,847,131,77,5,2025,6.174,50,2,0,3,63.0,6,27,11.0,93.0,0,88282.0,87599.0,87407.0,87407.0,3,0,4893994.0
1149,848,3,77,5,2025,6.174,50,12,0,0,18.0,6,29,19.0,25.0,0,88279.0,88109.0,300000.0,88109.0,11,0,4933273.0
1149,852,9,77,5,2025,6.174,50,9,0,0,5.0,4,24,6.0,89.0,1,88226.0,87990.0,88204.0,87990.0,8,0,10000000.0
1149,857,1,77,5,2025,6.174,50,1,2,4,74.0,2,24,3.0,188.0,3,87901.0,87545.0,87304.0,87304.0,2,0,4866758.0
1149,859,215,77,5,2025,6.174,50,16,0,0,0.0,2,23,13.0,7.0,0,88561.0,88191.0,300000.0,88191.0,12,0,4945209.0
1149,860,210,77,5,2025,6.174,50,10,0,0,6.0,1,19,8.0,20.0,0,88536.0,88648.0,300000.0,88536.0,15,0,4945952.0
1149,862,214,77,5,2025,6.174,50,14,0,0,0.0,1,22,7.0,6.0,0,88739.0,300000.0,300000.0,88739.0,17,0,4962497.0
1149,863,131,77,5,2025,6.174,50,11,0,0,30.0,0,18,2.0,111.0,0,88128.0,87798.0,87866.0,87798.0,5,0,4901446.0
1149,864,15,77,5,2025,6.174,50,18,0,0,0.0,0,20,20.0,6.0,0,89462.0,300000.0,300000.0,89462.0,20,0,4963220.0
1149,865,215,77,5,2025,6.174,50,13,0,0,4.0,0,20,16.0,8.0,0,88571.0,88418.0,300000.0,88418.0,14,0,4933849.0
1150,1,6,79,6,2025,5.412,57,7,0,105,31.0,17,40,3.0,78.0,0,87279.0,87006.0,300000.0,87006.0,12,1,5391773.0
1150,4,117,79,6,2025,5.412,57,11,0,32,0.0,17,43,16.0,10.0,0,87604.0,300000.0,300000.0,87604.0,17,1,5426191.0
1150,807,15,79,6,2025,5.412,57,15,0,0,6.0,15,37,18.0,6.0,0,87473.0,300000.0,300000.0,87473.0,16,1,5426060.0
1150,830,9,79,6,2025,5.412,57,2,1,64,87.0,10,27,19.0,89.0,1,86870.0,86643.0,86204.0,86204.0,1,1,5371543.0
1150,832,3,79,6,2025,5.412,57,8,0,4,5.0,10,30,9.0,25.0,0,87098.0,86847.0,86569.0,86569.0,6,1,5392164.0
1150,839,210,79,6,2025,5.412,57,14,0,1,14.0,9,28,13.0,20.0,0,87450.0,86967.0,86824.0,86824.0,9,1,5413593.0
1150,840,117,79,6,2025,5.412,57,16,0,0,10.0,8,26,11.0,14.0,0,87830.0,300000.0,300000.0,87830.0,18,1,5426417.0
1150,842,214,79,6,2025,5.412,57,20,0,1,6.0,8,29,17.0,6.0,0,87710.0,300000.0,300000.0,87710.0,20,1,5422032.0
1150,844,6,79,6,2025,5.412,57,3,0,8,47.0,7,27,7.0,94.0,0,87417.0,86948.0,86754.0,86754.0,8,1,5388623.0
1150,846,1,79,6,2025,5.412,57,4,1,5,89.0,6,25,1.0,188.0,4,86955.0,86499.0,86269.0,86269.0,2,1,5336217.0
1150,847,131,79,6,2025,5.412,57,5,0,3,73.0,6,27,6.0,111.0,0,87014.0,86575.0,86385.0,86385.0,5,1,5369231.0
1150,848,3,79,6,2025,5.412,57,9,0,0,20.0,6,29,8.0,37.0,0,87042.0,86855.0,86682.0,86682.0,7,1,5379654.0
1150,852,9,79,6,2025,5.412,57,19,0,0,5.0,4,24,2.0,105.0,1,87298.0,86959.0,86943.0,86943.0,10,1,5406021.0
1150,857,1,79,6,2025,5.412,57,1,3,5,99.0,2,24,4.0,246.0,4,87006.0,86269.0,86375.0,86269.0,4,1,5331587.0
1150,859,215,79,6,2025,5.412,57,12,0,0,0.0,2,23,10.0,8.0,0,87444.0,87363.0,300000.0,87363.0,15,1,10000000.0
1150,860,210,79,6,2025,5.412,57,13,0,0,6.0,1,19,14.0,20.0,0,87999.0,300000.0,300000.0,87999.0,19,1,10000000.0
1150,862,214,79,6,2025,5.412,57,17,0,0,0.0,1,22,20.0,7.0,0,87422.0,87186.0,300000.0,87186.0,14,1,10000000.0
1150,863,131,79,6,2025,5.412,57,6,0,0,38.0,0,18,5.0,141.0,0,87077.0,86606.0,86271.0,86271.0,3,1,5387089.0
1150,864,15,79,6,2025,5.412,57,18,0,0,0.0,0,20,15.0,6.0,0,87343.0,87151.0,300000.0,87151.0,13,1,10000000.0
1150,865,215,79,6,2025,5.412,57,10,0,0,5.0,0,20,12.0,8.0,0,87301.0,86987.0,300000.0,86987.0,11,1,5406189.0
1151,1,6,21,7,2025,4.909,63,8,0,105,41.0,17,40,7.0,94.0,0,76163.0,75765.0,300000.0,75765.0,12,0,5507555.0
1151,4,117,21,7,2025,4.909,63,15,0,32,0.0,17,43,16.0,14.0,0,75695.0,75442.0,75431.0,75431.0,5,0,5520449.0
1151,807,15,21,7,2025,4.909,63,14,0,0,6.0,15,37,18.0,6.0,0,76518.0,300000.0,300000.0,76518.0,17,0,5523495.0
1151,830,9,21,7,2025,4.909,63,4,1,64,99.0,10,27,10.0,105.0,1,75175.0,75394.0,74704.0,74704.0,2,0,5493199.0
1151,832,3,21,7,2025,4.909,63,9,0,4,7.0,10,30,5.0,37.0,0,75987.0,75198.0,75432.0,75198.0,6,0,5516097.0
1151,839,210,21,7,2025,4.909,63,12,0,1,14.0,9,28,19.0,20.0,0,76613.0,300000.0,300000.0,76613.0,18,0,10000000.0
1151,840,117,21,7,2025,4.909,63,16,0,0,14.0,8,26,15.0,14.0,0,75817.0,75497.0,75581.0,75497.0,8,0,5526192.0
1151,842,214,21,7,2025,4.909,63,13,0,1,7.0,8,29,20.0,7.0,0,75937.0,75505.0,75787.0,75505.0,10,0,5524623.0
1151,844,6,21,7,2025,4.909,63,7,0,8,53.0,7,27,8.0,114.0,0,76108.0,75604.0,300000.0,75604.0,11,0,5513973.0
1151,846,1,21,7,2025,4.909,63,2,1,5,115.0,6,25,1.0,246.0,5,75894.0,74962.0,300000.0,74962.0,4,0,5499308.0
1151,847,131,21,7,2025,4.909,63,3,0,3,93.0,6,27,6.0,141.0,0,75852.0,75334.0,74807.0,74807.0,3,0,5515233.0
1151,848,3,21,7,2025,4.909,63,5,0,0,30.0,6,29,9.0,51.0,0,76123.0,75521.0,75473.0,75473.0,7,0,5511144.0
1151,852,9,21,7,2025,4.909,63,10,0,0,9.0,4,25,4.0,131.0,1,300000.0,300000.0,300000.0,300000.0,20,0,5519645.0
1151,857,1,21,7,2025,4.909,63,1,4,6,131.0,2,24,2.0,279.0,5,75500.0,75214.0,74670.0,74670.0,1,0,5506155.0
1151,859,215,21,7,2025,4.909,63,17,0,0,0.0,2,23,11.0,8.0,0,76379.0,300000.0,300000.0,76379.0,15,0,5525710.0
1151,860,210,21,7,2025,4.909,63,19,0,0,6.0,1,20,12.0,20.0,0,76918.0,300000.0,300000.0,76918.0,19,0,5527007.0
1151,861,214,21,7,2025,4.909,63,0,0,0,5.0,1,21,11.0,7.0,0,76256.0,300000.0,300000.0,76256.0,16,0,5526610.0
1151,863,131,21,7,2025,4.909,63,6,0,0,48.0,0,18,3.0,147.0,0,75943.0,75772.0,300000.0,75772.0,13,0,10000000.0
1151,864,15,21,7,2025,4.909,63,18,0,0,0.0,0,20,14.0,6.0,0,76340.0,76260.0,300000.0,76260.0,14,0,5531771.0
1151,865,215,21,7,2025,4.909,63,11,0,0,5.0,0,20,17.0,10.0,0,76253.0,75510.0,75746.0,75510.0,9,0,5516785.0
1152,1,6,6,8,2025,3.337,78,4,0,105,53.0,17,40,6.0,114.0,0,71575.0,70883.0,70382.0,70382.0,7,0,6085230.0
1152,4,117,6,8,2025,3.337,78,11,0,32,0.0,17,43,15.0,14.0,0,71674.0,71182.0,70924.0,70924.0,6,0,10000000.0
1152,807,15,6,8,2025,3.337,78,12,0,0,6.0,15,37,18.0,6.0,0,71871.0,71596.0,300000.0,71596.0,13,0,6191035.0
1152,830,9,6,8,2025,3.337,78,1,2,65,124.0,10,27,10.0,131.0,2,71431.0,70875.0,70669.0,70669.0,4,0,6054415.0
1152,832,3,6,8,2025,3.337,78,8,0,4,11.0,10,30,5.0,51.0,0,71707.0,71362.0,300000.0,71362.0,11,0,6190567.0
1152,839,210,6,8,2025,3.337,78,20,0,1,14.0,9,28,17.0,20.0,0,71839.0,71262.0,70942.0,70942.0,8,0,6111785.0
1152,840,117,6,8,2025,3.337,78,15,0,0,14.0,8,26,11.0,14.0,0,72563.0,300000.0,300000.0,72563.0,19,0,6192969.0
1152,842,214,6,8,2025,3.337,78,13,0,1,7.0,8,29,16.0,7.0,0,71994.0,300000.0,300000.0,71994.0,17,0,10000000.0
1152,844,6,6,8,2025,3.337,78,6,0,8,61.0,7,27,4.0,142.0,0,71229.0,70581.0,70063.0,70063.0,2,0,6036974.0
1152,846,1,6,8,2025,3.337,78,2,1,5,133.0,6,25,3.0,279.0,5,71285.0,70570.0,69954.0,69954.0,1,0,6033843.0
1152,847,131,6,8,2025,3.337,78,7,0,3,99.0,6,27,19.0,147.0,0,71507.0,300000.0,300000.0,71507.0,14,0,6190857.0
1152,848,3,6,8,2025,3.337,78,5,0,0,40.0,6,29,8.0,54.0,0,71629.0,70732.0,71213.0,70732.0,10,0,6189307.0
1152,852,9,6,8,2025,3.337,78,10,0,0,10.0,4,25,1.0,143.0,2,71800.0,71415.0,300000.0,71415.0,12,0,6190673.0
1152,857,1,6,8,2025,3.337,78,3,4,6,146.0,2,24,2.0,319.0,5,71308.0,70858.0,70129.0,70129.0,3,0,6037501.0
1152,859,215,6,8,2025,3.337,78,14,0,0,0.0,2,23,9.0,10.0,0,71818.0,71250.0,71129.0,71129.0,9,0,6111972.0
1152,860,210,6,8,2025,3.337,78,17,0,0,6.0,1,20,20.0,26.0,0,71979.0,300000.0,300000.0,71979.0,20,0,6191801.0
1152,861,214,6,8,2025,3.337,78,16,0,0,0.0,1,21,13.0,7.0,0,72597.0,300000.0,300000.0,72597.0,18,0,6193037.0
1152,863,131,6,8,2025,3.337,78,19,0,0,48.0,0,18,7.0,147.0,0,71880.0,300000.0,300000.0,71880.0,15,0,6270483.0
1152,864,15,6,8,2025,3.337,78,18,0,0,0.0,0,20,12.0,6.0,0,71902.0,300000.0,300000.0,71902.0,16,0,6191647.0
1152,865,215,6,8,2025,3.337,78,9,0,0,7.0,0,20,14.0,22.0,0,71811.0,71040.0,70923.0,70923.0,5,0,6111766.0
1153,1,6,4,9,2025,4.657,66,5,0,105,63.0,17,40,2.0,142.0,0,73058.0,72447.0,72045.0,72045.0,5,0,5592883.0
1153,4,117,4,9,2025,4.657,66,19,0,32,0.0,17,43,15.0,14.0,0,73102.0,72523.0,72284.0,72284.0,10,0,5598939.0
1153,807,15,4,9,2025,4.657,66,16,0,0,6.0,15,37,14.0,6.0,0,73190.0,300000.0,300000.0,73190.0,15,0,5591023.0
1153,830,9,4,9,2025,4.657,66,4,2,65,136.0,10,27,17.0,143.0,2,72798.0,72358.0,71848.0,71848.0,3,0,5599201.0
1153,832,3,4,9,2025,4.657,66,10,0,4,12.0,10,30,9.0,54.0,0,73203.0,300000.0,300000.0,73203.0,17,0,5606684.0
1153,839,210,4,9,2025,4.657,66,7,0,1,20.0,9,28,12.0,26.0,0,73201.0,300000.0,300000.0,73201.0,16,0,5609572.0
1153,842,214,4,9,2025,4.657,66,20,0,1,7.0,8,29,13.0,7.0,0,73081.0,72611.0,72199.0,72199.0,8,0,5595257.0
1153,844,6,4,9,2025,4.657,66,2,0,8,79.0,7,27,5.0,165.0,0,73014.0,72495.0,72131.0,72131.0,7,0,5587830.0
1153,846,1,4,9,2025,4.657,66,1,2,6,158.0,6,25,3.0,319.0,6,72799.0,72056.0,71755.0,71755.0,2,0,5579846.0
1153,847,131,4,9,2025,4.657,66,11,0,3,99.0,6,27,18.0,147.0,0,72806.0,72407.0,71848.0,71848.0,4,0,5588734.0
1153,848,3,4,9,2025,4.657,66,9,0,0,42.0,6,29,10.0,54.0,0,73044.0,72641.0,300000.0,72641.0,11,0,10000000.0
1153,852,9,4,9,2025,4.657,66,17,0,0,10.0,4,25,4.0,144.0,2,73385.0,300000.0,300000.0,73385.0,19,0,5606197.0
1153,857,1,4,9,2025,4.657,66,3,4,6,161.0,2,24,1.0,362.0,6,72551.0,71998.0,71546.0,71546.0,1,0,5577375.0
1153,859,215,4,9,2025,4.657,66,8,0,0,4.0,2,23,6.0,22.0,0,73039.0,72763.0,300000.0,72763.0,13,0,5602907.0
1153,860,210,4,9,2025,4.657,66,12,0,0,6.0,1,20,7.0,26.0,0,73074.0,73315.0,300000.0,73074.0,14,0,5614440.0
1153,861,214,4,9,2025,4.657,66,13,0,0,0.0,1,22,20.0,11.0,0,73334.0,300000.0,300000.0,73334.0,18,0,5608756.0
1153,863,131,4,9,2025,4.657,66,18,0,0,48.0,0,18,11.0,159.0,0,72815.0,72585.0,72111.0,72111.0,6,0,10000000.0
1153,864,15,4,9,2025,4.657,66,14,0,0,0.0,0,20,16.0,16.0,0,73045.0,72756.0,300000.0,72756.0,12,0,5603371.0
1153,865,215,4,9,2025,4.657,66,6,0,0,15.0,0,20,8.0,28.0,0,73139.0,72461.0,72252.0,72252.0,9,0,5593397.0
1154,1,6,7,10,2025,4.361,70,6,0,105,71.0,17,40,3.0,165.0,0,71952.0,71885.0,71526.0,71526.0,5,0,5523401.0
1154,4,117,7,10,2025,4.361,70,9,0,32,2.0,17,43,,16.0,0,72073.0,71805.0,71586.0,71586.0,6,0,5523660.0
1154,807,15,7,10,2025,4.361,70,5,0,0,16.0,15,37,12.0,16.0,0,72323.0,72183.0,300000.0,72183.0,11,0,5528052.0
1154,830,9,7,10,2025,4.361,70,10,2,65,137.0,10,27,13.0,144.0,2,72054.0,71638.0,71059.0,71059.0,2,0,5512916.0
1154,832,3,7,10,2025,4.361,70,14,0,4,12.0,10,30,19.0,54.0,0,72398.0,300000.0,300000.0,72398.0,16,0,5592086.0
1154,839,210,7,10,2025,4.361,70,16,0,1,20.0,9,28,17.0,26.0,0,72378.0,72634.0,300000.0,72378.0,14,0,5592066.0
1154,840,117,7,10,2025,4.361,70,15,0,0,14.0,8,26,19.0,22.0,0,72517.0,300000.0,300000.0,72517.0,17,0,5592205.0
1154,842,214,7,10,2025,4.361,70,8,0,1,11.0,8,29,15.0,11.0,0,72667.0,300000.0,300000.0,72667.0,20,0,5592355.0
1154,844,6,7,10,2025,4.361,70,3,0,8,94.0,7,27,6.0,183.0,0,72038.0,71626.0,71682.0,71626.0,8,0,5516130.0
1154,846,1,7,10,2025,4.361,70,2,2,6,176.0,6,25,1.0,362.0,7,71826.0,71599.0,71625.0,71599.0,7,0,10000000.0
1154,847,131,7,10,2025,4.361,70,4,0,3,111.0,6,27,18.0,159.0,0,72075.0,71570.0,70899.0,70899.0,1,0,5512688.0
1154,848,3,7,10,2025,4.361,70,19,0,0,42.0,6,29,14.0,55.0,0,72090.0,71892.0,71907.0,71892.0,9,0,10000000.0
1154,852,9,7,10,2025,4.361,70,13,0,0,10.0,4,25,10.0,162.0,2,72334.0,72102.0,300000.0,72102.0,18,0,5591790.0
1154,857,1,7,10,2025,4.361,70,1,5,7,186.0,2,24,2.0,374.0,7,71939.0,71715.0,71120.0,71120.0,3,0,5514797.0
1154,859,215,7,10,2025,4.361,70,11,0,0,4.0,2,23,7.0,28.0,0,72525.0,300000.0,300000.0,72525.0,19,0,10000000.0
1154,860,210,7,10,2025,4.361,70,17,0,0,6.0,1,20,16.0,28.0,0,72306.0,72340.0,300000.0,72306.0,13,0,5591994.0
1154,861,214,7,10,2025,4.361,70,15,0,0,0.0,1,22,8.0,11.0,0,72234.0,72142.0,300000.0,72142.0,10,0,5591830.0
1154,863,131,7,10,2025,4.361,70,18,0,0,48.0,0,18,4.0,199.0,0,72279.0,71974.0,71391.0,71391.0,4,0,5513702.0
1154,864,15,7,10,2025,4.361,70,12,0,0,0.0,0,20,5.0,20.0,0,72385.0,300000.0,300000.0,72385.0,15,0,5592073.0
1154,865,215,7,10,2025,4.361,70,7,0,0,21.0,0,20,11.0,28.0,0,72211.0,72003.0,71867.0,71867.0,12,0,5591555.0
1155,1,6,70,11,2025,4.318,70,6,0,105,79.0,17,40,5.0,183.0,0,65115.0,64896.0,64582.0,64582.0,4,0,5056713.0
1155,4,117,70,11,2025,4.318,70,7,0,32,8.0,17,43,17.0,22.0,0,65197.0,65128.0,300000.0,65128.0,11,0,5099821.0
1155,807,15,70,11,2025,4.318,70,8,0,0,20.0,15,37,14.0,20.0,0,65606.0,300000.0,300000.0,65606.0,20,0,5100299.0
1155,830,9,70,11,2025,4.318,70,2,2,65,155.0,10,27,12.0,162.0,2,65106.0,64836.0,64929.0,64836.0,7,0,10000000.0
1155,832,3,70,11,2025,4.318,70,10,0,4,13.0,10,30,20.0,55.0,0,65582.0,300000.0,300000.0,65582.0,19,0,10000000.0
1155,839,210,70,11,2025,4.318,70,9,0,1,22.0,9,28,11.0,28.0,0,65364.0,300000.0,300000.0,65364.0,17,0,5100057.0
1155,840,117,70,11,2025,4.318,70,17,0,0,14.0,8,26,7.0,28.0,0,65329.0,300000.0,300000.0,65329.0,16,0,5100022.0
1155,842,214,70,11,2025,4.318,70,15,0,1,11.0,8,29,13.0,11.0,0,65054.0,64846.0,65649.0,64846.0,10,0,5099539.0
1155,844,6,70,11,2025,4.318,70,5,0,8,104.0,7,27,6.0,210.0,0,65197.0,64734.0,64492.0,64492.0,2,0,5047513.0
1155,846,1,70,11,2025,4.318,70,18,2,6,176.0,6,25,4.0,374.0,7,64672.0,64410.0,63971.0,63971.0,1,0,5027693.0
1155,847,131,70,11,2025,4.318,70,1,1,4,136.0,6,27,3.0,199.0,1,65189.0,64860.0,64763.0,64763.0,5,0,5090089.0
1155,848,3,70,11,2025,4.318,70,20,0,0,42.0,6,29,10.0,55.0,0,65143.0,65205.0,300000.0,65143.0,12,0,10000000.0
1155,852,9,70,11,2025,4.318,70,12,0,0,10.0,4,25,2.0,162.0,2,65369.0,300000.0,300000.0,65369.0,18,0,5172431.0
1155,857,1,70,11,2025,4.318,70,4,5,7,198.0,2,24,18.0,417.0,7,64966.0,64556.0,64554.0,64554.0,3,0,5030388.0
1155,859,215,70,11,2025,4.318,70,19,0,0,4.0,2,23,16.0,28.0,0,65017.0,65041.0,64926.0,64926.0,6,0,5095447.0
1155,860,210,70,11,2025,4.318,70,11,0,0,6.0,1,20,9.0,29.0,0,65218.0,65312.0,300000.0,65218.0,15,0,5099911.0
1155,861,214,70,11,2025,4.318,70,13,0,0,0.0,1,22,15.0,11.0,0,65278.0,65288.0,300000.0,65278.0,14,0,5099971.0
1155,863,131,70,11,2025,4.318,70,3,0,0,63.0,0,18,1.0,209.0,1,65178.0,65052.0,65276.0,65052.0,9,0,10000000.0
1155,864,15,70,11,2025,4.318,70,14,0,0,0.0,0,20,8.0,26.0,0,65123.0,64846.0,65132.0,64846.0,8,0,5099539.0
1155,865,215,70,11,2025,4.318,70,16,0,0,21.0,0,20,19.0,36.0,0,65063.0,65226.0,300000.0,65063.0,13,0,5099756.0
1156,1,6,9,12,2025,5.891,52,4,0,105,91.0,17,40,3.0,210.0,0,86296.0,85084.0,85095.0,85084.0,5,0,5875547.0
1156,4,117,9,12,2025,5.891,52,7,0,32,14.0,17,43,14.0,28.0,0,86108.0,85593.0,85621.0,85593.0,7,0,5901593.0
1156,807,15,9,12,2025,5.891,52,9,0,0,22.0,15,37,8.0,26.0,0,86574.0,300000.0,300000.0,86574.0,19,0,5870477.0
1156,830,9,9,12,2025,5.891,52,18,2,65,155.0,10,27,16.0,162.0,2,85886.0,85316.0,84892.0,84892.0,1,0,5892516.0
1156,832,3,9,12,2025,5.891,52,20,0,4,13.0,10,30,17.0,55.0,0,86175.0,85746.0,300000.0,85746.0,9,0,5912327.0
1156,839,210,9,12,2025,5.891,52,10,0,1,23.0,9,28,11.0,29.0,0,86136.0,85950.0,300000.0,85950.0,14,0,5913036.0
1156,840,117,9,12,2025,5.891,52,14,0,0,14.0,8,26,7.0,36.0,0,86504.0,300000.0,300000.0,86504.0,17,0,5896338.0
1156,842,214,9,12,2025,5.891,52,13,0,1,11.0,8,29,15.0,11.0,0,86328.0,85711.0,85785.0,85711.0,8,0,5895592.0
1156,844,6,9,12,2025,5.891,52,3,0,8,119.0,7,27,4.0,222.0,0,86186.0,85133.0,85121.0,85121.0,6,0,5920212.0
1156,846,1,9,12,2025,5.891,52,1,3,7,201.0,6,25,2.0,417.0,8,86123.0,85231.0,85010.0,85010.0,3,0,5835735.0
1156,847,131,9,12,2025,5.891,52,5,1,4,146.0,6,27,19.0,209.0,1,86236.0,85637.0,85029.0,85029.0,4,0,5906409.0
1156,848,3,9,12,2025,5.891,52,17,0,0,42.0,6,29,20.0,59.0,0,86093.0,85889.0,300000.0,85889.0,13,0,5899870.0
1156,852,9,9,12,2025,5.891,52,16,0,0,10.0,4,25,18.0,172.0,2,86275.0,85826.0,300000.0,85826.0,11,0,5928561.0
1156,857,1,9,12,2025,5.891,52,2,5,7,216.0,2,24,1.0,460.0,8,85963.0,85316.0,84995.0,84995.0,2,0,5842547.0
1156,859,215,9,12,2025,5.891,52,6,0,0,12.0,2,23,12.0,36.0,0,86440.0,300000.0,300000.0,86440.0,15,0,10000000.0
1156,860,210,9,12,2025,5.891,52,11,0,0,6.0,1,20,10.0,29.0,0,86005.0,85534.0,85471.0,85471.0,18,0,5907830.0
1156,861,214,9,12,2025,5.891,52,15,0,0,0.0,1,22,13.0,19.0,0,87060.0,300000.0,300000.0,87060.0,20,0,10000000.0
1156,863,131,9,12,2025,5.891,52,19,0,0,63.0,0,18,5.0,210.0,1,86265.0,85620.0,85374.0,85374.0,10,0,10000000.0
1156,864,15,9,12,2025,5.891,52,8,0,0,4.0,0,20,9.0,41.0,0,86446.0,300000.0,300000.0,86446.0,16,0,10000000.0
1156,865,215,9,12,2025,5.891,52,12,0,0,21.0,0,20,6.0,36.0,0,86177.0,85864.0,300000.0,85864.0,12,0,10000000.0
1157,1,6,13,13,2025,7.004,44,4,0,105,103.0,17,40,14.0,222.0,0,101939.0,300000.0,300000.0,101939.0,18,1,5163280.0
1157,4,117,13,13,2025,7.004,44,9,0,32,16.0,17,43,7.0,36.0,0,102385.0,300000.0,300000.0,102385.0,20,1,5210525.0
1157,807,15,13,13,2025,7.004,44,3,0,0,37.0,15,37,18.0,41.0,0,101844.0,101707.0,300000.0,101707.0,14,1,5196229.0
1157,830,9,13,13,2025,7.004,44,5,2,65,165.0,10,27,15.0,172.0,2,101334.0,100951.0,100903.0,100903.0,4,1,5144332.0
1157,832,3,13,13,2025,7.004,44,12,0,4,13.0,10,30,8.0,59.0,0,101691.0,101758.0,300000.0,101691.0,17,1,5214625.0
1157,839,210,13,13,2025,7.004,44,13,0,1,23.0,9,28,11.0,29.0,0,101884.0,101525.0,300000.0,101525.0,11,1,5208664.0
1157,840,117,13,13,2025,7.004,44,7,0,0,20.0,8,26,9.0,36.0,0,102502.0,300000.0,300000.0,102502.0,16,1,5202432.0
1157,842,214,13,13,2025,7.004,44,6,0,1,19.0,8,29,20.0,19.0,0,101800.0,101633.0,300000.0,101633.0,13,1,5195315.0
1157,844,6,13,13,2025,7.004,44,14,0,8,119.0,7,27,4.0,248.0,0,101635.0,101084.0,100900.0,100900.0,3,1,5142786.0
1157,846,1,13,13,2025,7.004,44,1,4,8,226.0,6,25,2.0,460.0,9,101010.0,100715.0,100562.0,100562.0,1,1,5126016.0
1157,847,131,13,13,2025,7.004,44,10,1,4,147.0,6,27,16.0,210.0,1,101784.0,101254.0,101260.0,101254.0,6,1,5157464.0
1157,848,3,13,13,2025,7.004,44,8,0,0,46.0,6,29,12.0,70.0,0,101772.0,101505.0,101201.0,101201.0,5,1,5162527.0
1157,852,9,13,13,2025,7.004,44,15,0,0,10.0,4,25,5.0,192.0,2,101840.0,101245.0,101284.0,101245.0,7,1,5197996.0
1157,857,1,13,13,2025,7.004,44,2,5,7,234.0,2,24,1.0,516.0,9,101201.0,100626.0,100647.0,100626.0,2,1,5122601.0
1157,859,215,13,13,2025,7.004,44,19,0,0,12.0,2,23,17.0,36.0,0,101748.0,101297.0,101328.0,101297.0,9,1,5174634.0
1157,860,210,13,13,2025,7.004,44,11,0,0,6.0,1,20,13.0,35.0,0,101617.0,101617.0,300000.0,101617.0,12,1,5195746.0
1157,861,214,13,13,2025,7.004,44,20,0,0,0.0,1,22,6.0,20.0,0,102022.0,300000.0,300000.0,102022.0,15,1,5217851.0
1157,863,131,13,13,2025,7.004,44,16,0,0,63.0,0,18,10.0,220.0,1,102139.0,300000.0,300000.0,102139.0,19,1,5209322.0
1157,864,15,13,13,2025,7.004,44,18,0,0,4.0,0,20,3.0,43.0,0,101908.0,101336.0,102387.0,101336.0,10,1,5179035.0
1157,865,215,13,13,2025,7.004,44,17,0,0,21.0,0,20,19.0,41.0,0,101572.0,101281.0,101310.0,101281.0,8,1,5230882.0
1158,1,6,11,14,2025,4.381,70,7,0,105,109.0,17,40,3.0,248.0,0,75733.0,75702.0,300000.0,75702.0,12,0,5803933.0
1158,4,117,11,14,2025,4.381,70,17,0,32,16.0,17,44,14.0,36.0,0,75281.0,75395.0,75481.0,75281.0,5,0,5780271.0
1158,807,15,11,14,2025,4.381,70,12,0,0,37.0,15,37,9.0,43.0,0,76081.0,300000.0,300000.0,76081.0,18,0,5804312.0
1158,830,9,11,14,2025,4.381,70,4,2,65,185.0,10,27,13.0,192.0,2,75736.0,75547.0,75728.0,75547.0,8,0,5793876.0
1158,832,3,11,14,2025,4.381,70,18,0,4,16.0,10,30,6.0,70.0,0,75652.0,75781.0,300000.0,75652.0,13,0,5803883.0
1158,839,210,11,14,2025,4.381,70,15,0,1,27.0,9,28,11.0,35.0,0,76023.0,300000.0,300000.0,76023.0,17,0,5804254.0
1158,840,117,11,14,2025,4.381,70,14,0,0,20.0,8,26,17.0,52.0,0,75673.0,75129.0,75498.0,75129.0,6,0,5789405.0
1158,842,214,11,14,2025,4.381,70,10,0,1,20.0,8,29,19.0,20.0,0,75966.0,300000.0,300000.0,75966.0,16,0,5804197.0
1158,844,6,11,14,2025,4.381,70,3,0,8,139.0,7,27,7.0,260.0,0,75582.0,75455.0,75372.0,75372.0,1,0,5763791.0
1158,846,1,11,14,2025,4.381,70,2,4,8,250.0,6,25,1.0,516.0,10,75523.0,74890.0,75413.0,74890.0,3,0,5721231.0
1158,847,131,11,14,2025,4.381,70,5,1,4,157.0,6,27,16.0,220.0,1,75627.0,75201.0,75425.0,75201.0,4,0,5743147.0
1158,848,3,11,14,2025,4.381,70,6,0,0,54.0,6,29,18.0,70.0,0,76223.0,300000.0,300000.0,76223.0,19,0,5804454.0
1158,852,9,11,14,2025,4.381,70,13,0,0,10.0,4,25,4.0,194.0,2,75899.0,300000.0,300000.0,75899.0,20,0,5804130.0
1158,857,1,11,14,2025,4.381,70,1,6,8,266.0,2,24,2.0,559.0,10,75211.0,74941.0,75398.0,74941.0,2,0,5721929.0
1158,859,215,11,14,2025,4.381,70,8,0,0,16.0,2,23,20.0,41.0,0,75849.0,75630.0,75821.0,75630.0,9,0,5790682.0
1158,860,210,11,14,2025,4.381,70,11,0,0,8.0,1,20,15.0,35.0,0,75750.0,75694.0,300000.0,75694.0,11,0,10000000.0
1158,861,214,11,14,2025,4.381,70,19,0,0,0.0,1,22,10.0,20.0,0,75875.0,76159.0,300000.0,75875.0,14,0,5804106.0
1158,863,131,11,14,2025,4.381,70,16,0,0,63.0,0,18,5.0,236.0,1,75782.0,76386.0,300000.0,75782.0,15,0,5804013.0
1158,864,15,11,14,2025,4.381,70,9,0,0,6.0,0,20,12.0,51.0,0,75586.0,75687.0,75725.0,75586.0,7,0,5787400.0
1158,865,215,11,14,2025,4.381,70,20,0,0,22.0,0,20,8.0,45.0,0,75516.0,75469.0,75915.0,75469.0,10,0,5803700.0
1159,1,6,39,15,2025,4.259,72,12,0,105,109.0,17,40,4.0,260.0,0,69900.0,69261.0,69390.0,69261.0,7,0,10000000.0
1159,4,117,39,15,2025,4.259,72,5,0,32,26.0,17,44,7.0,52.0,0,69950.0,69366.0,69630.0,69366.0,10,0,5921558.0
1159,807,15,39,15,2025,4.259,72,13,0,0,37.0,15,38,6.0,51.0,0,70195.0,300000.0,300000.0,70195.0,17,0,5929574.0
1159,830,9,39,15,2025,4.259,72,9,2,65,187.0,10,27,17.0,194.0,2,69696.0,69122.0,68925.0,68925.0,3,0,5911120.0
1159,832,3,39,15,2025,4.259,72,14,0,4,16.0,10,30,15.0,70.0,0,69980.0,69472.0,69505.0,69472.0,9,0,5927225.0
1159,839,210,39,15,2025,4.259,72,16,0,1,27.0,9,28,20.0,35.0,0,70197.0,300000.0,300000.0,70197.0,18,0,5923912.0
1159,840,117,39,15,2025,4.259,72,7,0,0,26.0,8,26,5.0,62.0,0,300000.0,300000.0,300000.0,300000.0,19,0,5919346.0
1159,842,214,39,15,2025,4.259,72,19,0,1,20.0,8,29,18.0,20.0,0,69894.0,69637.0,300000.0,69637.0,14,0,5933478.0
1159,844,6,39,15,2025,4.259,72,4,0,8,151.0,7,27,12.0,260.0,0,69906.0,69304.0,69340.0,69304.0,6,0,10000000.0
1159,846,1,39,15,2025,4.259,72,1,5,9,275.0,6,25,2.0,559.0,11,69469.0,68874.0,68674.0,68674.0,2,0,10000000.0
1159,847,131,39,15,2025,4.259,72,3,1,4,172.0,6,27,10.0,236.0,1,69676.0,69313.0,69255.0,69255.0,5,0,5915503.0
1159,848,3,39,15,2025,4.259,72,15,0,0,54.0,6,29,14.0,80.0,0,69792.0,69652.0,300000.0,69652.0,15,0,5916176.0
1159,852,9,39,15,2025,4.259,72,17,0,0,10.0,4,25,9.0,214.0,2,69954.0,69622.0,300000.0,69622.0,12,0,5923446.0
1159,857,1,39,15,2025,4.259,72,2,6,8,284.0,2,24,1.0,584.0,11,69338.0,68964.0,68662.0,68662.0,1,0,5909849.0
1159,859,215,39,15,2025,4.259,72,8,0,0,20.0,2,23,11.0,45.0,0,69779.0,69383.0,69500.0,69383.0,8,0,5926912.0
1159,860,210,39,15,2025,4.259,72,20,0,0,8.0,1,20,16.0,44.0,0,70262.0,300000.0,300000.0,70262.0,20,0,5918893.0
1159,861,214,39,15,2025,4.259,72,18,0,0,0.0,1,22,19.0,20.0,0,70104.0,300000.0,300000.0,70104.0,16,0,5924360.0
1159,863,131,39,15,2025,4.259,72,10,0,0,64.0,0,19,3.0,248.0,1,69845.0,69493.0,300000.0,69493.0,11,0,5931878.0
1159,864,15,39,15,2025,4.259,72,6,0,0,14.0,0,20,13.0,51.0,0,70037.0,69622.0,300000.0,69622.0,13,0,5931414.0
1159,865,215,39,15,2025,4.259,72,11,0,0,22.0,0,20,8.0,60.0,0,69966.0,69439.0,69208.0,69208.0,4,0,5913082.0
1160,1,6,14,16,2025,5.793,53,20,0,105,109.0,17,40,19.0,260.0,0,79765.0,79371.0,79124.0,79124.0,10,0,4441774.0
1160,4,117,14,16,2025,5.793,53,8,0,32,30.0,17,44,7.0,62.0,0,79658.0,79362.0,79424.0,79362.0,8,0,10000000.0
1160,807,15,14,16,2025,5.793,53,14,0,0,37.0,15,38,15.0,51.0,0,79777.0,79498.0,300000.0,79498.0,12,0,10000000.0
1160,830,9,14,16,2025,5.793,53,2,2,65,205.0,10,27,9.0,214.0,2,79455.0,79140.0,78792.0,78792.0,1,0,4404325.0
1160,832,3,14,16,2025,5.793,53,13,0,4,16.0,10,31,5.0,80.0,0,79644.0,79528.0,300000.0,79528.0,13,0,4468794.0
1160,839,210,14,16,2025,5.793,53,10,0,1,28.0,9,28,6.0,44.0,0,79816.0,79707.0,300000.0,79707.0,15,0,4491032.0
1160,840,117,14,16,2025,5.793,53,7,0,0,32.0,8,26,8.0,62.0,0,79948.0,300000.0,300000.0,79948.0,16,0,4491273.0
1160,842,214,14,16,2025,5.793,53,17,0,1,20.0,8,29,11.0,20.0,0,80103.0,300000.0,300000.0,80103.0,20,0,4491428.0
1160,844,6,14,16,2025,5.793,53,19,0,8,151.0,7,27,20.0,280.0,0,79689.0,79310.0,79007.0,79007.0,4,0,4429949.0
1160,846,1,14,16,2025,5.793,53,18,5,9,275.0,6,25,1.0,584.0,12,79517.0,79293.0,78869.0,78869.0,2,0,4423532.0
1160,847,131,14,16,2025,5.793,53,4,1,4,184.0,6,27,16.0,248.0,1,79414.0,79287.0,79157.0,79157.0,5,0,4437206.0
1160,848,3,14,16,2025,5.793,53,5,0,0,64.0,6,29,13.0,86.0,0,79837.0,79583.0,300000.0,79583.0,14,0,4454862.0
1160,852,9,14,16,2025,5.793,53,9,0,0,12.0,4,25,2.0,239.0,2,79619.0,79433.0,79519.0,79433.0,9,0,4485026.0
1160,857,1,14,16,2025,5.793,53,1,7,9,309.0,2,24,18.0,617.0,12,79711.0,79286.0,78982.0,78982.0,3,0,4425676.0
1160,859,215,14,16,2025,5.793,53,12,0,0,20.0,2,23,3.0,60.0,0,80279.0,300000.0,300000.0,80279.0,18,0,4486676.0
1160,860,210,14,16,2025,5.793,53,6,0,0,16.0,1,20,10.0,44.0,0,79688.0,79446.0,300000.0,79446.0,11,0,4483613.0
1160,861,214,14,16,2025,5.793,53,11,0,0,0.0,1,22,17.0,20.0,0,79992.0,300000.0,300000.0,79992.0,17,0,4491317.0
1160,863,131,14,16,2025,5.793,53,16,0,0,64.0,0,19,4.0,260.0,1,79747.0,79245.0,79200.0,79200.0,6,0,4464087.0
1160,864,15,14,16,2025,5.793,53,15,0,0,14.0,0,20,14.0,55.0,0,79688.0,79323.0,79390.0,79323.0,7,0,4462809.0
1160,865,215,14,16,2025,5.793,53,3,0,0,37.0,0,20,12.0,61.0,0,79917.0,300000.0,300000.0,79917.0,19,0,4468216.0
1161,1,6,73,17,2025,6.003,51,6,0,105,117.0,17,40,4.0,280.0,0,101821.0,102183.0,300000.0,101821.0,12,0,5642718.0
1161,4,117,73,17,2025,6.003,51,19,0,32,30.0,17,44,18.0,62.0,0,102211.0,101857.0,300000.0,101857.0,11,0,5685115.0
1161,807,15,73,17,2025,6.003,51,20,0,0,37.0,15,38,8.0,55.0,0,102916.0,300000.0,300000.0,102916.0,17,0,5686645.0
1161,830,9,73,17,2025,6.003,51,1,3,66,230.0,10,27,13.0,239.0,3,101331.0,101255.0,101117.0,101117.0,1,0,5606408.0
1161,832,3,73,17,2025,6.003,51,11,0,4,16.0,10,31,7.0,86.0,0,102635.0,101675.0,101595.0,101595.0,2,0,5625607.0
1161,839,210,73,17,2025,6.003,51,15,0,1,28.0,9,29,12.0,44.0,0,300000.0,300000.0,300000.0,300000.0,20,0,5683988.0
1161,840,117,73,17,2025,6.003,51,18,0,0,32.0,8,26,19.0,62.0,0,102101.0,103061.0,300000.0,102101.0,14,0,5702800.0
1161,842,214,73,17,2025,6.003,51,16,0,1,20.0,8,29,17.0,20.0,0,103139.0,300000.0,300000.0,103139.0,18,0,5716547.0
1161,844,6,73,17,2025,6.003,51,4,0,8,163.0,7,27,6.0,286.0,0,101458.0,101519.0,300000.0,101458.0,10,0,5643182.0
1161,846,1,73,17,2025,6.003,51,2,5,9,293.0,6,25,3.0,617.0,12,101322.0,101396.0,102239.0,101322.0,7,0,5640635.0
1161,847,131,73,17,2025,6.003,51,5,1,4,194.0,6,27,9.0,260.0,1,101646.0,101455.0,102070.0,101455.0,5,0,5621017.0
1161,848,3,73,17,2025,6.003,51,7,0,0,70.0,6,29,11.0,101.0,0,103778.0,300000.0,300000.0,103778.0,19,0,5679278.0
1161,852,9,73,17,2025,6.003,51,13,0,0,12.0,4,25,1.0,272.0,3,102347.0,101788.0,102143.0,101788.0,6,0,5640216.0
1161,857,1,73,17,2025,6.003,51,3,7,9,324.0,2,24,2.0,623.0,12,101839.0,101414.0,300000.0,101414.0,9,0,10000000.0
1161,859,215,73,17,2025,6.003,51,14,0,0,20.0,2,23,10.0,61.0,0,102257.0,101537.0,101707.0,101537.0,3,0,5639698.0
1161,860,210,73,17,2025,6.003,51,12,0,0,16.0,1,20,15.0,44.0,0,102666.0,300000.0,300000.0,102666.0,15,0,5674670.0
1161,861,214,73,17,2025,6.003,51,17,0,0,0.0,1,22,16.0,20.0,0,102779.0,300000.0,300000.0,102779.0,16,0,5716187.0
1161,863,131,73,17,2025,6.003,51,9,0,0,66.0,0,19,5.0,290.0,1,102247.0,101464.0,101717.0,101464.0,4,0,5628168.0
1161,864,15,73,17,2025,6.003,51,8,0,0,18.0,0,20,20.0,55.0,0,102511.0,102277.0,300000.0,102277.0,13,0,5674014.0
1161,865,215,73,17,2025,6.003,51,10,0,0,38.0,0,20,14.0,72.0,0,101656.0,101647.0,102372.0,101647.0,8,0,5645390.0
1162,1,6,15,18,2025,5.063,62,8,0,105,121.0,17,40,9.0,286.0,0,89765.0,89936.0,89688.0,89688.0,6,0,6107618.0
1162,4,117,15,18,2025,5.063,62,15,0,32,30.0,17,44,17.0,62.0,0,90745.0,90054.0,89955.0,89955.0,10,0,6103034.0
1162,807,15,15,18,2025,5.063,62,16,0,0,37.0,15,38,11.0,55.0,0,90715.0,90141.0,300000.0,90141.0,11,0,6119508.0
1162,830,9,15,18,2025,5.063,62,1,4,67,255.0,10,28,6.0,272.0,4,90028.0,89572.0,89340.0,89340.0,2,0,6027797.0
1162,832,3,15,18,2025,5.063,62,3,0,4,31.0,10,31,13.0,101.0,0,300000.0,90235.0,300000.0,90235.0,18,0,6119602.0
1162,839,210,15,18,2025,5.063,62,14,0,1,28.0,9,29,12.0,44.0,0,90989.0,300000.0,300000.0,90989.0,17,0,6120356.0
1162,840,117,15,18,2025,5.063,62,17,0,0,32.0,8,26,15.0,68.0,0,90949.0,300000.0,300000.0,90949.0,15,0,6120316.0
1162,842,214,15,18,2025,5.063,62,18,0,1,20.0,8,29,19.0,20.0,0,91261.0,300000.0,300000.0,91261.0,19,0,6120628.0
1162,844,6,15,18,2025,5.063,62,9,0,8,165.0,7,27,8.0,298.0,0,90370.0,89914.0,89784.0,89784.0,7,0,6068363.0
1162,846,1,15,18,2025,5.063,62,7,5,9,299.0,6,25,20.0,623.0,12,89932.0,89809.0,89586.0,89586.0,5,0,6028433.0
1162,847,131,15,18,2025,5.063,62,2,1,4,212.0,6,27,4.0,290.0,1,89928.0,89562.0,89158.0,89158.0,1,0,6022367.0
1162,848,3,15,18,2025,5.063,62,13,0,0,70.0,6,29,3.0,102.0,0,300000.0,90202.0,300000.0,90202.0,20,0,6119569.0
1162,852,9,15,18,2025,5.063,62,6,0,0,20.0,4,25,1.0,290.0,4,90574.0,90353.0,300000.0,90353.0,13,0,6119720.0
1162,857,1,15,18,2025,5.063,62,20,7,9,324.0,2,24,7.0,650.0,12,90313.0,89813.0,89524.0,89524.0,3,0,6030513.0
1162,859,215,15,18,2025,5.063,62,5,0,0,30.0,2,23,10.0,72.0,0,90681.0,90320.0,300000.0,90320.0,12,0,6119687.0
1162,860,210,15,18,2025,5.063,62,12,0,0,16.0,1,20,14.0,46.0,0,90420.0,90076.0,89868.0,89868.0,9,0,6115894.0
1162,861,214,15,18,2025,5.063,62,19,0,0,0.0,1,22,18.0,20.0,0,90982.0,300000.0,300000.0,90982.0,16,0,6120349.0
1162,863,131,15,18,2025,5.063,62,4,0,0,78.0,0,19,2.0,325.0,1,90036.0,89649.0,89537.0,89537.0,4,0,6056048.0
1162,864,15,15,18,2025,5.063,62,11,0,0,18.0,0,20,16.0,55.0,0,90820.0,300000.0,300000.0,90820.0,14,0,6120187.0
1162,865,215,15,18,2025,5.063,62,10,0,0,39.0,0,21,5.0,72.0,0,90214.0,90016.0,89846.0,89846.0,8,0,6119213.0
1163,1,6,69,19,2025,5.513,56,8,0,105,125.0,17,40,6.0,298.0,0,93685.0,92914.0,92912.0,92912.0,5,1,5668697.0
1163,4,117,69,19,2025,5.513,56,7,0,32,36.0,17,44,13.0,68.0,0,93741.0,93237.0,93160.0,93160.0,10,1,5710162.0
1163,807,15,69,19,2025,5.513,56,20,0,0,37.0,15,38,17.0,55.0,0,93551.0,93334.0,300000.0,93334.0,11,1,5697410.0
1163,830,9,69,19,2025,5.513,56,2,4,67,273.0,10,28,12.0,290.0,4,93207.0,92701.0,92510.0,92510.0,1,1,5640161.0
1163,832,3,69,19,2025,5.513,56,10,0,4,32.0,10,31,14.0,102.0,0,93739.0,93124.0,93150.0,93124.0,9,1,10000000.0
1163,839,210,69,19,2025,5.513,56,18,0,1,28.0,9,29,9.0,46.0,0,94136.0,300000.0,300000.0,94136.0,17,1,5723204.0
1163,840,117,69,19,2025,5.513,56,13,0,0,32.0,8,26,7.0,69.0,0,94540.0,300000.0,300000.0,94540.0,19,1,5714939.0
1163,842,214,69,19,2025,5.513,56,19,0,1,20.0,8,29,16.0,20.0,0,93599.0,93651.0,300000.0,93599.0,14,1,5740760.0
1163,844,6,69,19,2025,5.513,56,6,0,8,173.0,7,28,8.0,334.0,0,93525.0,92869.0,92807.0,92807.0,3,1,5655534.0
1163,846,1,69,19,2025,5.513,56,3,5,9,314.0,6,25,4.0,650.0,12,93843.0,92876.0,92801.0,92801.0,2,1,5648120.0
1163,847,131,69,19,2025,5.513,56,1,2,5,237.0,6,27,5.0,325.0,2,93311.0,93058.0,92826.0,92826.0,4,1,5673617.0
1163,848,3,69,19,2025,5.513,56,14,0,0,70.0,6,29,10.0,111.0,0,94690.0,300000.0,300000.0,94690.0,18,1,5720161.0
1163,852,9,69,19,2025,5.513,56,12,0,0,20.0,4,25,2.0,331.0,4,93935.0,93466.0,300000.0,93466.0,13,1,5692875.0
1163,857,1,69,19,2025,5.513,56,4,7,9,336.0,2,24,3.0,678.0,12,93746.0,93228.0,93084.0,93084.0,6,1,5669839.0
1163,859,215,69,19,2025,5.513,56,15,0,0,30.0,2,23,11.0,72.0,0,93549.0,93360.0,300000.0,93360.0,12,1,5713370.0
1163,860,210,69,19,2025,5.513,56,9,0,0,18.0,1,20,18.0,48.0,0,93921.0,93238.0,93139.0,93139.0,8,1,5704883.0
1163,861,214,69,19,2025,5.513,56,16,0,0,0.0,1,22,19.0,20.0,0,94039.0,94044.0,300000.0,94039.0,15,1,5741200.0
1163,863,131,69,19,2025,5.513,56,5,0,0,88.0,0,19,1.0,341.0,2,93501.0,93044.0,93114.0,93044.0,7,1,5715907.0
1163,864,15,69,19,2025,5.513,56,17,0,0,18.0,0,21,20.0,59.0,0,94125.0,300000.0,300000.0,94125.0,16,1,5741286.0
1163,865,215,69,19,2025,5.513,56,11,0,0,39.0,0,21,15.0,72.0,0,300000.0,300000.0,300000.0,300000.0,20,1,5732968.0
1164,1,6,32,20,2025,4.304,71,4,0,105,142.0,17,40,3.0,334.0,0,76736.0,76458.0,75938.0,75938.0,3,0,5935020.0
1164,4,117,32,20,2025,4.304,71,10,0,32,37.0,17,44,12.0,69.0,0,77232.0,77103.0,300000.0,77103.0,14,0,10000000.0
1164,807,15,32,20,2025,4.304,71,8,0,0,41.0,15,38,18.0,59.0,0,77251.0,77016.0,300000.0,77016.0,13,0,10000000.0
1164,830,9,32,20,2025,4.304,71,1,5,68,306.0,10,28,7.0,331.0,5,77076.0,76605.0,76070.0,76070.0,5,0,5909623.0
1164,832,3,32,20,2025,4.304,71,20,0,4,38.0,10,31,14.0,111.0,0,77171.0,76607.0,76172.0,76172.0,12,0,10000000.0
1164,839,210,32,20,2025,4.304,71,15,0,1,28.0,9,29,9.0,48.0,0,76948.0,76837.0,300000.0,76837.0,11,0,5954038.0
1164,840,117,32,20,2025,4.304,71,12,0,0,32.0,8,26,10.0,69.0,0,77606.0,300000.0,300000.0,77606.0,19,0,5963180.0
1164,842,214,32,20,2025,4.304,71,19,0,1,20.0,8,29,17.0,20.0,0,77546.0,300000.0,300000.0,77546.0,18,0,5963120.0
1164,844,6,32,20,2025,4.304,71,3,0,8,192.0,7,28,4.0,356.0,0,77024.0,76658.0,75848.0,75848.0,2,0,5908898.0
1164,846,1,32,20,2025,4.304,71,2,5,9,332.0,6,25,5.0,678.0,12,76899.0,76252.0,75586.0,75586.0,1,0,5878574.0
1164,847,131,32,20,2025,4.304,71,6,2,5,252.0,6,27,13.0,341.0,2,76895.0,76537.0,76034.0,76034.0,4,0,5928861.0
1164,848,3,32,20,2025,4.304,71,14,0,0,73.0,6,29,20.0,111.0,0,77490.0,300000.0,300000.0,77490.0,17,0,5963064.0
1164,852,9,32,20,2025,4.304,71,7,0,0,28.0,4,25,1.0,346.0,5,77234.0,76816.0,300000.0,76816.0,10,0,5957622.0
1164,857,1,32,20,2025,4.304,71,5,7,9,346.0,2,24,2.0,713.0,12,77158.0,76737.0,76174.0,76174.0,7,0,5920639.0
1164,859,215,32,20,2025,4.304,71,11,0,0,30.0,2,23,16.0,72.0,0,76961.0,78072.0,300000.0,76961.0,15,0,10000000.0
1164,860,210,32,20,2025,4.304,71,9,0,0,20.0,1,20,15.0,62.0,0,77040.0,76787.0,76460.0,76460.0,9,0,5919529.0
1164,861,214,32,20,2025,4.304,71,17,0,0,0.0,1,22,19.0,20.0,0,77670.0,300000.0,300000.0,77670.0,20,0,5963244.0
1164,863,131,32,20,2025,4.304,71,13,0,0,89.0,0,19,6.0,355.0,2,77291.0,76773.0,76118.0,76118.0,6,0,5926411.0
1164,864,15,32,20,2025,4.304,71,18,0,0,18.0,0,21,8.0,60.0,0,77412.0,300000.0,300000.0,77412.0,16,0,5955437.0
1164,865,215,32,20,2025,4.304,71,16,0,0,39.0,0,21,11.0,72.0,0,76733.0,76804.0,76252.0,76252.0,8,0,5961826.0
1165,1,6,18,21,2025,4.309,71,8,0,105,146.0,17,40,2.0,356.0,0,70016.0,70100.0,300000.0,70016.0,13,1,10000000.0
1165,4,117,18,21,2025,4.309,71,18,0,32,37.0,17,44,14.0,69.0,0,70181.0,70001.0,300000.0,70001.0,11,1,5577362.0
1165,807,15,18,21,2025,4.309,71,19,0,0,41.0,15,38,10.0,60.0,0,70337.0,69985.0,70039.0,69985.0,10,1,5574920.0
1165,830,9,18,21,2025,4.309,71,3,5,68,321.0,10,28,11.0,346.0,5,70403.0,300000.0,300000.0,70403.0,19,1,5532346.0
1165,832,3,18,21,2025,4.309,71,17,0,4,38.0,10,31,12.0,111.0,0,70184.0,70472.0,300000.0,70184.0,15,1,5577016.0
1165,839,210,18,21,2025,4.309,71,9,0,1,30.0,9,29,4.0,62.0,0,70438.0,300000.0,300000.0,70438.0,20,1,5576292.0
1165,840,117,18,21,2025,4.309,71,14,0,0,32.0,8,27,18.0,72.0,0,70041.0,70161.0,300000.0,70041.0,14,1,5579843.0
1165,842,214,18,21,2025,4.309,71,15,0,1,20.0,8,29,16.0,20.0,0,69885.0,69857.0,70002.0,69857.0,9,1,5575510.0
1165,844,6,18,21,2025,4.309,71,2,0,8,210.0,7,28,8.0,362.0,0,69934.0,69801.0,69805.0,69801.0,3,1,10000000.0
1165,846,1,18,21,2025,4.309,71,1,6,10,357.0,6,25,5.0,713.0,13,69656.0,69616.0,69511.0,69511.0,1,1,5521596.0
1165,847,131,18,21,2025,4.309,71,7,2,5,258.0,6,27,6.0,355.0,2,69935.0,69880.0,69942.0,69880.0,6,1,5536863.0
1165,848,3,18,21,2025,4.309,71,12,0,0,73.0,6,29,17.0,111.0,0,70115.0,70053.0,300000.0,70053.0,12,1,5575780.0
1165,852,9,18,21,2025,4.309,71,11,0,0,28.0,4,25,3.0,366.0,5,70711.0,300000.0,300000.0,70711.0,17,1,5590772.0
1165,857,1,18,21,2025,4.309,71,5,7,9,356.0,2,24,1.0,756.0,13,69928.0,69835.0,69886.0,69835.0,4,1,5537345.0
1165,859,215,18,21,2025,4.309,71,20,0,0,30.0,2,23,13.0,72.0,0,70108.0,69950.0,69962.0,69950.0,7,1,5574238.0
1165,860,210,18,21,2025,4.309,71,4,0,0,32.0,1,20,9.0,70.0,0,69891.0,69755.0,69977.0,69755.0,8,1,5551226.0
1165,861,214,18,21,2025,4.309,71,16,0,0,0.0,1,22,15.0,22.0,0,70632.0,300000.0,300000.0,70632.0,16,1,5579373.0
1165,863,131,18,21,2025,4.309,71,6,0,0,97.0,0,19,7.0,398.0,2,70192.0,69774.0,69685.0,69685.0,2,1,5531984.0
1165,864,15,18,21,2025,4.309,71,10,0,0,19.0,0,21,19.0,62.0,0,300000.0,300000.0,300000.0,300000.0,18,1,10000000.0
1165,865,215,18,21,2025,4.309,71,13,0,0,39.0,0,21,20.0,82.0,0,70083.0,69970.0,69931.0,69931.0,5,1,5574469.0
1166,1,6,80,22,2025,6.201,50,18,0,105,148.0,17,40,19.0,362.0,0,117115.0,300000.0,300000.0,117115.0,19,0,4927798.0
1166,4,117,80,22,2025,6.201,50,14,0,32,40.0,17,44,16.0,72.0,0,113739.0,111865.0,109466.0,109466.0,7,0,4953737.0
1166,807,15,80,22,2025,6.201,50,9,0,0,43.0,15,38,20.0,62.0,0,114555.0,112781.0,300000.0,112781.0,11,0,4919563.0
1166,830,9,80,22,2025,6.201,50,3,5,68,341.0,10,28,17.0,366.0,5,113458.0,111593.0,108257.0,108257.0,2,0,4868429.0
1166,832,3,80,22,2025,6.201,50,13,0,4,38.0,10,31,11.0,111.0,0,114873.0,111144.0,108296.0,108296.0,3,0,4903353.0
1166,839,210,80,22,2025,6.201,50,12,0,1,30.0,9,29,6.0,70.0,0,114635.0,112987.0,300000.0,112987.0,13,0,4929064.0
1166,840,117,80,22,2025,6.201,50,16,0,0,32.0,8,27,14.0,72.0,0,114416.0,112850.0,300000.0,112850.0,12,0,10000000.0
1166,842,214,80,22,2025,6.201,50,10,0,1,22.0,8,29,15.0,22.0,0,114432.0,111760.0,111540.0,111540.0,10,0,4960131.0
1166,844,6,80,22,2025,6.201,50,19,0,8,214.0,7,28,18.0,378.0,0,114814.0,111952.0,109872.0,109872.0,9,0,4899107.0
1166,846,1,80,22,2025,6.201,50,1,7,11,390.0,6,26,5.0,756.0,14,115473.0,111379.0,107934.0,107934.0,1,0,10000000.0
1166,847,131,80,22,2025,6.201,50,4,2,5,276.0,6,27,2.0,398.0,2,113144.0,110935.0,108803.0,108803.0,4,0,4891975.0
1166,848,3,80,22,2025,6.201,50,11,0,0,73.0,6,29,13.0,121.0,0,116220.0,300000.0,300000.0,116220.0,16,0,10000000.0
1166,852,9,80,22,2025,6.201,50,17,0,0,28.0,4,25,3.0,391.0,5,116798.0,300000.0,300000.0,116798.0,20,0,4955403.0
1166,857,1,80,22,2025,6.201,50,5,7,9,366.0,2,24,1.0,756.0,14,114544.0,112126.0,108961.0,108961.0,5,0,10000000.0
1166,859,215,80,22,2025,6.201,50,7,0,0,36.0,2,23,8.0,82.0,0,114828.0,111621.0,109062.0,109062.0,6,0,4984491.0
1166,860,210,80,22,2025,6.201,50,6,0,0,40.0,1,20,12.0,73.0,0,116016.0,113094.0,300000.0,113094.0,14,0,4938978.0
1166,861,214,80,22,2025,6.201,50,15,0,0,0.0,1,22,10.0,22.0,0,114847.0,113683.0,300000.0,113683.0,15,0,4989112.0
1166,863,131,80,22,2025,6.201,50,2,0,0,122.0,0,19,4.0,431.0,2,116314.0,300000.0,300000.0,116314.0,17,0,4898917.0
1166,864,15,80,22,2025,6.201,50,20,0,0,19.0,0,21,9.0,68.0,0,116674.0,300000.0,300000.0,116674.0,18,0,10000000.0
1166,865,215,80,22,2025,6.201,50,8,0,0,43.0,0,21,7.0,90.0,0,115613.0,111120.0,109554.0,109554.0,8,0,4913686.0
1167,1,6,78,23,2025,5.38,57,8,0,105,152.0,17,40,4.0,378.0,0,80907.0,300000.0,300000.0,80907.0,\N,1,5155971.0
1167,4,117,78,23,2025,5.38,57,11,0,32,40.0,17,44,18.0,72.0,0,80598.0,80219.0,80418.0,80219.0,\N,1,5132286.0
1167,807,15,78,23,2025,5.38,57,7,0,0,49.0,15,38,17.0,68.0,0,80630.0,80353.0,300000.0,80353.0,\N,1,10000000.0
1167,830,9,78,23,2025,5.38,57,1,6,69,366.0,10,28,12.0,391.0,6,80472.0,79985.0,79651.0,79651.0,\N,1,5078241.0
1167,832,3,78,23,2025,5.38,57,5,0,4,48.0,10,31,16.0,121.0,0,80520.0,80251.0,80287.0,80251.0,\N,1,5100906.0
1167,839,210,78,23,2025,5.38,57,9,0,1,32.0,9,29,10.0,73.0,0,80864.0,300000.0,300000.0,80864.0,\N,1,5166105.0
1167,840,117,78,23,2025,5.38,57,18,0,0,32.0,8,27,11.0,80.0,0,81058.0,300000.0,300000.0,81058.0,\N,1,10000000.0
1167,842,214,78,23,2025,5.38,57,13,0,1,22.0,8,29,15.0,22.0,0,80681.0,80324.0,80477.0,80324.0,\N,1,5165565.0
1167,844,6,78,23,2025,5.38,57,4,0,8,226.0,7,28,8.0,382.0,0,80564.0,80343.0,80561.0,80343.0,\N,1,5135026.0
1167,846,1,78,23,2025,5.38,57,19,7,11,390.0,6,26,20.0,756.0,14,80157.0,79861.0,79495.0,79495.0,\N,1,5101556.0
1167,847,131,78,23,2025,5.38,57,2,2,5,294.0,6,27,3.0,431.0,2,80074.0,80186.0,79662.0,79662.0,\N,1,5126840.0
1167,848,3,78,23,2025,5.38,57,16,0,0,73.0,6,29,5.0,137.0,0,80629.0,80629.0,300000.0,80629.0,\N,1,5145172.0
1167,852,9,78,23,2025,5.38,57,12,0,0,28.0,4,25,1.0,426.0,6,80761.0,300000.0,300000.0,80761.0,\N,1,5140011.0
1167,857,1,78,23,2025,5.38,57,20,7,9,366.0,2,24,19.0,800.0,14,80234.0,79650.0,79387.0,79387.0,\N,1,5086236.0
1167,859,215,78,23,2025,5.38,57,14,0,0,36.0,2,23,6.0,90.0,0,80539.0,80433.0,300000.0,80433.0,\N,1,5138314.0
1167,860,210,78,23,2025,5.38,57,10,0,0,41.0,1,20,9.0,73.0,0,80548.0,80438.0,300000.0,80438.0,\N,1,10000000.0
1167,861,214,78,23,2025,5.38,57,15,0,0,0.0,1,22,13.0,22.0,0,81137.0,300000.0,300000.0,81137.0,\N,1,5166378.0
1167,863,131,78,23,2025,5.38,57,3,0,0,137.0,0,19,2.0,459.0,2,80576.0,80084.0,79846.0,79846.0,\N,1,5106558.0
1167,864,15,78,23,2025,5.38,57,17,0,0,19.0,0,21,7.0,68.0,0,80653.0,80534.0,300000.0,80534.0,\N,1,5163053.0
1167,865,215,78,23,2025,5.38,57,6,0,0,51.0,0,21,14.0,92.0,0,80603.0,80350.0,80114.0,80114.0,\N,1,10000000.0
