raceId,circuitId,latitude,longitude,avg_wind_speed_100m,max_wind_speed_100m,avg_temperature_2m,max_temperature_2m,min_temperature_2m,avg_humidity,total_precipitation,avg_pressure_msl,avg_surface_pressure
948,1,-37.8497,144.968,17.34837532043457,25.96994972229004,15.916834831237793,21.22100067138672,11.120999336242676,68.9665756225586,0.0,1019.9708862304688,1019.729736328125
949,3,26.0325,50.5106,12.036784172058105,15.13713264465332,20.3035831451416,22.288999557495117,16.288999557495117,55.84721374511719,0.0,1017.1124877929688,1016.165771484375
950,17,31.3389,121.22,14.77173137664795,20.907913208007812,15.53308391571045,20.943500518798828,10.743499755859375,66.03206634521484,4.400000095367432,1017.0416870117188,1016.560302734375
951,71,43.4057,39.9578,7.140533924102783,11.592894554138184,13.213667869567871,14.934499740600586,10.634500503540039,86.3132095336914,0.6000000238418579,1018.75,1018.6284790039062
952,4,41.57,2.26111,10.986369132995605,18.356470108032227,15.884750366210938,19.516000747680664,11.9660005569458,85.97113037109375,0.0,1017.5874633789062,1003.1560668945312
953,6,43.7347,7.42056,13.959660530090332,24.863468170166016,17.99424934387207,20.262998580932617,15.963000297546387,85.3548355102539,11.199999809265137,1008.1875,1006.2968139648438
954,7,45.5,-73.5228,29.89967918395996,43.310855865478516,12.542082786560059,14.864999771118164,10.5649995803833,74.55157470703125,1.2999999523162842,1002.7916870117188,1001.4736328125
955,73,40.3725,49.8533,33.23141860961914,42.26129913330078,26.427167892456055,27.92300033569336,24.123001098632812,68.56243896484375,0.0,1014.75,1016.8356323242188
956,70,47.2197,14.7647,7.601119518280029,17.377225875854492,13.671916007995605,15.923999786376953,11.423999786376953,82.5479965209961,1.4000000953674316,1019.9708862304688,941.0872192382812
957,9,52.0786,-1.01694,34.85182571411133,38.68115234375,17.441749572753906,20.585498809814453,14.68549919128418,81.29576110839844,1.3000000715255737,1006.9166870117188,989.11279296875
958,11,47.5789,19.2486,12.233548164367676,20.08270835876465,23.342248916625977,27.82349967956543,19.123498916625977,76.11914825439453,0.10000000149011612,1016.49169921875,988.8359375
959,10,49.3278,8.56583,14.56385326385498,21.30093002319336,20.452667236328125,22.87350082397461,16.723501205444336,72.61438751220703,0.6000000238418579,1014.0249633789062,1001.7252807617188
960,13,50.4372,5.97139,24.268041610717773,31.278593063354492,21.363250732421875,24.756999969482422,16.10700035095215,71.1522216796875,0.20000000298023224,1014.9125366210938,970.09521484375
961,14,45.6156,9.28111,6.2612433433532715,24.251283645629883,23.416831970214844,27.508501052856445,18.60849952697754,76.75794982910156,0.0,1014.8333129882812,993.8173828125
962,15,1.2914,103.864,13.870155334472656,19.29613494873047,27.343414306640625,29.09549903869629,25.445499420166016,84.23026275634766,15.299999237060547,1009.0208129882812,1008.21826171875
963,2,2.76083,101.738,17.655733108520508,19.914215087890625,28.230417251586914,31.270000457763672,25.07000160217285,71.68342590332031,0.0,1009.6041870117188,1004.6970825195312
964,22,34.8431,136.541,31.4135684967041,39.026390075683594,17.375083923339844,20.660499572753906,14.060500144958496,69.98397827148438,0.5,1013.1875,1008.9088745117188
965,69,30.1328,-97.6411,20.633665084838867,29.1622257232666,20.070499420166016,27.59549903869629,14.295499801635742,57.59388732910156,0.0,1020.5750122070312,1002.4531860351562
966,32,19.4042,-99.0907,11.342029571533203,25.772077560424805,13.495583534240723,19.618501663208008,10.168499946594238,77.75506591796875,0.0,1020.7083129882812,787.2077026367188
967,18,-23.7036,-46.6997,18.278921127319336,22.2647705078125,16.74766731262207,18.230998992919922,15.730999946594238,94.25345611572266,15.100000381469727,1015.5125122070312,927.1728515625
968,24,24.4672,54.6031,19.010820388793945,28.112287521362305,24.306501388549805,30.4064998626709,18.306499481201172,53.21609878540039,0.0,1016.5708618164062,1015.7538452148438
969,1,-37.8497,144.968,25.00633430480957,58.710914611816406,22.414749145507812,27.058500289916992,18.458499908447266,70.40593719482422,0.0,1009.9166870117188,1009.6831665039062
970,17,31.3389,121.22,27.162269592285156,35.426631927490234,11.32266616821289,12.993499755859375,9.543499946594238,78.66362762451172,14.600000381469727,1012.05419921875,1011.5681762695312
971,3,26.0325,50.5106,43.21040725708008,49.764705657958984,26.0504150390625,29.364999771118164,23.76500129699707,62.22822952270508,0.0,1009.50830078125,1008.5867309570312
972,71,43.4057,39.9578,4.67449951171875,10.5142183303833,19.494165420532227,23.440000534057617,14.989999771118164,64.960693359375,0.0,1013.75830078125,1013.6399536132812
973,4,41.57,2.26111,8.124000549316406,17.414474487304688,19.27608299255371,23.749000549316406,15.14900016784668,60.73061752319336,0.10000000149011612,1023.0874633789062,1008.7445678710938
974,6,43.7347,7.42056,6.665074825286865,12.229406356811523,24.00008201599121,27.047998428344727,19.397998809814453,46.36481857299805,0.0,1020.32080078125,1018.44580078125
975,7,45.5,-73.5228,39.4970588684082,54.288429260253906,23.306167602539062,28.00200080871582,18.152000427246094,64.33059692382812,0.30000001192092896,1008.7000122070312,1007.422119140625
976,73,40.3725,49.8533,27.007888793945312,44.490234375,24.1751651763916,28.383499145507812,20.73349952697754,78.44586944580078,0.0,1011.370849609375,1013.46533203125
977,70,47.2197,14.7647,7.5584025382995605,14.68958854675293,21.815332412719727,27.756999969482422,15.557000160217285,68.91620635986328,0.4000000059604645,1015.6875,939.18896484375
978,9,52.0786,-1.01694,24.4444580078125,32.55960464477539,18.67249870300293,22.322498321533203,14.47249984741211,78.13179779052734,1.6000001430511475,1022.2958374023438,1004.2951049804688
979,11,47.5789,19.2486,12.274624824523926,17.55530548095703,23.411834716796875,29.141000747680664,15.241000175476074,58.720458984375,0.0,1016.3958129882812,988.74609375
980,13,50.4372,5.97139,10.254497528076172,19.930477142333984,18.033666610717773,22.267000198364258,13.666999816894531,80.42510986328125,0.10000000149011612,1018.1875,972.7240600585938
981,14,45.6156,9.28111,9.90198040008545,23.03999900817871,17.53700065612793,23.187000274658203,12.587000846862793,64.60259246826172,0.0,1011.6416625976562,990.2727661132812
982,15,1.2914,103.864,16.03590965270996,25.98491859436035,27.132749557495117,29.43899917602539,25.388999938964844,84.73271942138672,20.099998474121094,1011.5625,1010.75732421875
983,2,2.76083,101.738,7.650400638580322,18.556594848632812,25.951749801635742,30.132999420166016,22.83300018310547,88.95610809326172,29.5,1010.2166137695312,1005.2693481445312
984,22,34.8431,136.541,7.6740570068359375,12.324414253234863,21.526336669921875,24.168001174926758,19.468000411987305,86.1845932006836,6.0,1022.9791870117188,1018.72021484375
985,69,30.1328,-97.6411,32.839847564697266,43.17898941040039,22.611501693725586,25.83650016784668,18.986499786376953,74.51598358154297,39.099998474121094,1015.7958374023438,997.9152221679688
986,32,19.4042,-99.0907,8.520686149597168,19.164716720581055,15.814666748046875,22.79800033569336,9.79800033569336,63.51692199707031,0.20000000298023224,1015.9041137695312,785.0789184570312
987,18,-23.7036,-46.6997,13.23437786102295,19.513195037841797,18.70808219909668,26.5935001373291,11.993499755859375,71.3698501586914,0.0,1008.4708862304688,921.2743530273438
988,24,24.4672,54.6031,21.313623428344727,26.220752716064453,23.398666381835938,25.6195011138916,19.8695011138916,56.50162887573242,0.0,1019.2833862304688,1018.4617309570312
989,1,-37.8497,144.968,37.65598678588867,45.754005432128906,15.770999908447266,23.458499908447266,9.758500099182129,59.07510757446289,5.5,1003.1458129882812,1002.9085083007812
990,3,26.0325,50.5106,15.897720336914062,23.86341094970703,26.462915420532227,32.01499938964844,22.065000534057617,54.13785171508789,0.0,1010.6541137695312,1009.732666015625
991,17,31.3389,121.22,16.06705665588379,22.8819580078125,12.405999183654785,18.293498992919922,6.743500232696533,65.74486541748047,0.0,1020.1625366210938,1019.67431640625
992,73,40.3725,49.8533,58.82798385620117,73.03298950195312,14.487667083740234,17.283498764038086,11.083499908447266,65.69486236572266,0.5,1019.816650390625,1021.999755859375
993,4,41.57,2.26111,13.991386413574219,25.294963836669922,12.7073335647583,16.298999786376953,8.199000358581543,74.40469360351562,13.299999237060547,1015.4249877929688,1000.865966796875
994,6,43.7347,7.42056,18.466978073120117,29.237674713134766,24.104248046875,28.047998428344727,20.597999572753906,63.34665298461914,0.4000000059604645,1016.2291870117188,1014.3623657226562
995,7,45.5,-73.5228,16.543441772460938,30.53215789794922,15.497833251953125,19.802000045776367,9.60200023651123,49.1350212097168,0.0,1019.433349609375,1018.10693359375
996,34,43.2506,5.79167,10.946675300598145,21.0284366607666,19.912084579467773,23.71000099182129,16.360000610351562,67.4242172241211,0.0,1016.5125122070312,967.4880981445312
997,70,47.2197,14.7647,9.413155555725098,18.08977508544922,14.696582794189453,19.456998825073242,11.057000160217285,70.54592895507812,0.0,1017.129150390625,938.7261352539062
998,9,52.0786,-1.01694,16.769590377807617,26.758922576904297,22.137083053588867,28.772499084472656,15.522500038146973,56.68137741088867,0.0,1025.67919921875,1007.8258666992188
999,10,49.3278,8.56583,9.29763126373291,18.837324142456055,21.58300018310547,26.632999420166016,17.932998657226562,77.8546371459961,2.0,1013.7166137695312,1001.4668579101562
1000,11,47.5789,19.2486,14.04302978515625,24.503808975219727,27.111833572387695,32.84100341796875,20.44099998474121,55.56846237182617,0.0,1011.324951171875,984.1472778320312
1001,13,50.4372,5.97139,22.08794403076172,45.742671966552734,12.460749626159668,17.317001342773438,6.566999912261963,66.73644256591797,4.099999904632568,1015.9208984375,969.6945190429688
1002,14,45.6156,9.28111,4.456070423126221,8.43506908416748,17.49741554260254,20.036998748779297,14.53700065612793,88.1100082397461,2.0999999046325684,1016.4707641601562,994.999755859375
1003,15,1.2914,103.864,21.304597854614258,27.047956466674805,27.620248794555664,29.338998794555664,26.18899917602539,75.24971008300781,1.2000000476837158,1008.32080078125,1007.5194702148438
1004,71,43.4057,39.9578,7.647796154022217,18.356470108032227,20.127500534057617,23.690000534057617,16.540000915527344,73.33448028564453,0.0,1017.0625,1016.9440307617188
1005,22,34.8431,136.541,21.8337345123291,33.04360580444336,21.82841682434082,26.368000030517578,18.168001174926758,72.98963165283203,0.0,1012.745849609375,1008.533447265625
1006,69,30.1328,-97.6411,28.455322265625,34.942264556884766,17.5052490234375,21.236499786376953,13.58650016784668,62.9455451965332,0.0,1024.19580078125,1005.8541870117188
1007,32,19.4042,-99.0907,13.662723541259766,22.862123489379883,15.129249572753906,20.148000717163086,12.197999954223633,76.95433807373047,1.7999999523162842,1020.5166015625,788.1997680664062
1008,18,-23.7036,-46.6997,12.941044807434082,25.2334041595459,20.251832962036133,25.0935001373291,16.993499755859375,89.63224029541016,1.6000001430511475,1012.9791870117188,925.8526000976562
1009,24,24.4672,54.6031,31.676481246948242,41.55622482299805,26.93199920654297,32.81949996948242,23.469501495361328,61.13844680786133,0.6000000238418579,1014.9833374023438,1014.1747436523438
1010,1,-37.8497,144.968,15.571064949035645,25.455842971801758,19.75433349609375,25.10849952697754,15.008500099182129,80.1465072631836,0.0,1016.6458129882812,1016.40869140625
1011,3,26.0325,50.5106,41.58790588378906,55.623199462890625,25.646249771118164,29.864999771118164,20.915000915527344,56.82944869995117,0.0,1007.6624145507812,1006.7412109375
1012,17,31.3389,121.22,17.931676864624023,28.829233169555664,12.85808277130127,18.993499755859375,6.893500328063965,80.96575927734375,0.0,1020.6458129882812,1020.158203125
1013,73,40.3725,49.8533,29.634206771850586,39.125892639160156,14.858500480651855,17.93349838256836,10.983500480651855,82.36967468261719,0.0,1012.5416870117188,1014.7063598632812
1014,4,41.57,2.26111,11.11422061920166,28.35785484313965,15.784416198730469,20.89900016784668,11.64900016784668,69.96161651611328,0.0,1022.5042114257812,1007.9974975585938
1015,6,43.7347,7.42056,5.641557216644287,8.70723819732666,18.606332778930664,21.49799919128418,14.14799976348877,76.72051239013672,1.100000023841858,1011.5750122070312,1009.6818237304688
1016,7,45.5,-73.5228,16.38981819152832,26.366159439086914,19.445749282836914,26.802000045776367,12.35200023651123,54.016143798828125,0.0,1024.2542724609375,1022.9392700195312
1017,34,43.2506,5.79167,12.60945987701416,17.283748626708984,22.47875213623047,28.110000610351562,17.15999984741211,53.593048095703125,0.0,1015.3583374023438,966.7971801757812
1018,70,47.2197,14.7647,8.939223289489746,17.163354873657227,23.561166763305664,33.80699920654297,12.907000541687012,58.2216911315918,0.0,1020.0042114257812,943.5851440429688
1019,9,52.0786,-1.01694,17.02150535583496,23.224882125854492,16.047500610351562,19.72249984741211,12.322500228881836,77.0712890625,1.100000023841858,1023.42919921875,1005.24658203125
1020,10,49.3278,8.56583,14.166243553161621,27.333934783935547,21.091331481933594,24.882999420166016,19.382999420166016,82.28935241699219,11.5,1002.83740234375,990.6997680664062
1021,11,47.5789,19.2486,13.609021186828613,28.58544921875,18.838916778564453,22.69099998474121,14.840999603271484,65.31987762451172,0.10000000149011612,1014.0582885742188,986.0505981445312
1022,13,50.4372,5.97139,18.902910232543945,23.424909591674805,14.891999244689941,17.617000579833984,11.766999244689941,72.57621002197266,0.9000000357627869,1016.375,970.5138549804688
1023,14,45.6156,9.28111,14.511120796203613,37.03803634643555,15.695332527160645,19.786998748779297,13.03700065612793,79.36408996582031,68.0,1011.7666625976562,990.2626953125
1024,15,1.2914,103.864,18.98101043701172,29.257614135742188,29.216081619262695,32.888999938964844,27.038999557495117,70.69416046142578,0.0,1010.6458129882812,1009.846923828125
1025,71,43.4057,39.9578,7.245872974395752,16.919998168945312,17.59833335876465,20.09000015258789,14.190000534057617,86.06365966796875,0.800000011920929,1017.1041870117188,1016.984619140625
1026,22,34.8431,136.541,24.901681900024414,51.48125457763672,18.728416442871094,21.968000411987305,16.468000411987305,75.59711456298828,5.300000190734863,1016.3500366210938,1012.0779418945312
1027,32,19.4042,-99.0907,5.712883472442627,14.512063980102539,16.220916748046875,20.847999572753906,13.197999954223633,82.54090118408203,8.0,1015.1875,784.8330078125
1028,69,30.1328,-97.6411,16.683195114135742,24.56983184814453,12.407333374023438,19.886499404907227,5.636499881744385,56.44313430786133,0.0,1024.245849609375,1005.5750122070312
1029,18,-23.7036,-46.6997,22.927141189575195,32.53571319580078,16.8122501373291,20.693500518798828,13.993499755859375,79.86934661865234,0.0,1013.9833984375,925.7922973632812
1030,24,24.4672,54.6031,13.684021949768066,23.166217803955078,23.554916381835938,27.769500732421875,18.769500732421875,73.21807098388672,0.0,1016.7166137695312,1015.8974609375
1031,70,47.2197,14.7647,5.7262864112854,14.68958854675293,19.60283088684082,26.55699920654297,11.307000160217285,68.64488983154297,0.0,1017.7875366210938,940.5703125
1032,70,47.2197,14.7647,9.40710735321045,17.46278190612793,14.469498634338379,19.606998443603516,8.857000350952148,67.61834716796875,0.0,1025.066650390625,945.9895629882812
1033,11,47.5789,19.2486,13.963783264160156,21.892026901245117,16.986833572387695,20.990999221801758,14.340999603271484,87.78852081298828,6.600000381469727,1014.745849609375,986.5447387695312
1034,9,52.0786,-1.01694,21.123098373413086,26.141551971435547,16.551666259765625,20.72249984741211,11.022500038146973,60.793609619140625,0.10000000149011612,1015.9332885742188,997.9137573242188
1035,9,52.0786,-1.01694,24.65009307861328,31.160282135009766,20.520416259765625,27.47249984741211,14.822500228881836,74.79353332519531,0.0,1018.75830078125,1000.9282836914062
1036,4,41.57,2.26111,12.340797424316406,18.532133102416992,24.251083374023438,27.89900016784668,20.249000549316406,77.73123931884766,2.5999999046325684,1011.5750122070312,997.6293334960938
1037,13,50.4372,5.97139,14.955467224121094,36.87145233154297,13.187832832336426,17.21700096130371,8.217000007629395,87.28772735595703,12.600000381469727,1010.8250122070312,964.9484252929688
1038,14,45.6156,9.28111,11.30478286743164,20.380578994750977,20.993249893188477,25.98699951171875,16.73699951171875,74.63257598876953,13.600000381469727,1013.2291870117188,992.076171875
1039,76,43.9975,11.3719,21.910064697265625,26.183658599853516,23.929166793823242,30.0625,18.662500381469727,55.89015197753906,0.0,1022.9083862304688,993.0830078125
1040,71,43.4057,39.9578,6.125762462615967,15.038350105285645,25.012916564941406,28.790000915527344,20.09000015258789,61.34470748901367,0.0,1013.75830078125,1013.6422729492188
1041,20,50.3356,6.9475,20.122547149658203,25.68392562866211,5.843416690826416,8.532999992370605,3.5330002307891846,82.86139678955078,0.10000000149011612,1020.870849609375,946.8626098632812
1042,75,37.227,-8.6267,26.68446159362793,38.57547378540039,16.31450080871582,20.31450080871582,12.91450023651123,84.82708740234375,3.5,1021.2250366210938,1007.4746704101562
1043,21,44.3439,11.7167,12.751500129699707,23.33344268798828,14.543334007263184,18.872501373291016,10.422499656677246,82.39264678955078,0.0,1022.30419921875,1017.5824584960938
1044,5,40.9517,29.405,14.272265434265137,20.19211769104004,10.214999198913574,13.227499961853027,7.277500152587891,90.78987884521484,0.5,1024.012451171875,1007.747802734375
1045,3,26.0325,50.5106,23.46673011779785,34.776817321777344,24.09625244140625,27.96500015258789,20.76500129699707,67.8530044555664,0.10000000149011612,1016.5875854492188,1015.6533203125
1046,3,26.0325,50.5106,32.80891418457031,39.04796600341797,22.198333740234375,26.415000915527344,17.01500129699707,70.63382720947266,0.0,1013.5,1012.5625
1047,24,24.4672,54.6031,16.43352508544922,21.892026901245117,21.615333557128906,23.91950035095215,18.1195011138916,57.71522521972656,0.0,1017.5416870117188,1016.7164916992188
1053,21,44.3439,11.7167,11.40477466583252,21.120681762695312,9.15999984741211,13.422499656677246,5.422500133514404,68.05304718017578,0.7000000476837158,1016.2916870117188,1011.5084838867188
1074,3,26.0325,50.5106,24.277511596679688,33.55733108520508,20.575416564941406,28.565000534057617,14.714999198913574,45.94912338256836,0.0,1012.4041137695312,1011.4624633789062
1052,3,26.0325,50.5106,49.943119049072266,54.69157028198242,21.248334884643555,23.21500015258789,19.815000534057617,52.4322624206543,0.0,1016.1583862304688,1015.2155151367188
1051,78,25.49,51.4542,25.031641006469727,27.257966995239258,25.65183448791504,28.943500518798828,23.0935001373291,73.20758819580078,0.0,1013.7333984375,1012.3435668945312
1054,75,37.227,-8.6267,26.135828018188477,38.52672576904297,13.710334777832031,19.51449966430664,8.714500427246094,62.1509895324707,0.0,1018.00830078125,1004.1770629882812
1055,4,41.57,2.26111,12.935286521911621,26.836305618286133,17.728166580200195,22.0989990234375,12.698999404907227,71.7803955078125,2.5,1009.8792114257812,995.646484375
1056,6,43.7347,7.42056,13.397992134094238,28.732421875,18.408416748046875,23.147998809814453,14.498000144958496,67.7512435913086,0.0,1014.7333984375,1012.8328247070312
1057,73,40.3725,49.8533,33.041900634765625,48.87786865234375,21.002248764038086,24.633499145507812,18.48349952697754,72.31856536865234,0.0,1012.9249877929688,1015.0453491210938
1058,70,47.2197,14.7647,5.276634693145752,12.904882431030273,19.617416381835938,26.856998443603516,12.956999778747559,74.79891204833984,4.900000095367432,1017.69580078125,940.4959106445312
1059,34,43.2506,5.79167,24.298620223999023,43.06328201293945,23.039167404174805,29.21000099182129,18.40999984741211,68.654541015625,1.9000000953674316,1011.120849609375,962.853515625
1060,70,47.2197,14.7647,5.639794826507568,14.00302791595459,17.784082412719727,23.456998825073242,14.807000160217285,75.74629974365234,3.6000001430511475,1013.0582885742188,935.760498046875
1061,9,52.0786,-1.01694,7.798973560333252,18.08977508544922,22.364166259765625,27.97249984741211,15.22249984741211,69.47955322265625,0.0,1024.9124755859375,1007.0855102539062
1062,11,47.5789,19.2486,20.92930793762207,34.0709114074707,23.870168685913086,31.740999221801758,17.490999221801758,64.6248779296875,0.6000000238418579,1006.7666625976562,979.4201049804688
1063,13,50.4372,5.97139,27.741788864135742,38.32943344116211,12.702415466308594,14.266999244689941,11.766999244689941,95.93782806396484,8.199999809265137,1019.75,973.3952026367188
1064,39,52.3888,4.54092,18.755090713500977,25.050413131713867,16.13050079345703,20.83049964904785,11.680500030517578,80.06586456298828,0.0,1021.8458862304688,1021.2426147460938
1065,14,45.6156,9.28111,9.183060646057129,18.003599166870117,23.25575065612793,28.687000274658203,17.836999893188477,53.98191452026367,0.0,1015.933349609375,994.8825073242188
1066,71,43.4057,39.9578,16.170106887817383,23.185789108276367,16.331666946411133,18.040000915527344,13.489999771118164,77.3821029663086,1.600000023841858,1022.754150390625,1022.6334838867188
1067,5,40.9517,29.405,31.7700252532959,36.17955017089844,16.269166946411133,18.52750015258789,15.27750015258789,87.33708953857422,0.4000000059604645,1021.0166625976562,1005.1361694335938
1069,69,30.1328,-97.6411,22.082908630371094,34.137413024902344,24.16358184814453,30.0364990234375,21.08650016784668,81.98242950439453,0.7000000476837158,1010.2916870117188,992.5990600585938
1070,32,19.4042,-99.0907,13.869004249572754,40.68159103393555,14.483416557312012,23.097999572753906,7.498000144958496,62.18145751953125,0.0,1021.3250122070312,788.3250122070312
1071,18,-23.7036,-46.6997,22.94512367248535,38.88166427612305,16.224748611450195,23.3435001373291,12.093500137329102,81.46733856201172,0.0,1017.6583862304688,928.968505859375
1072,77,21.6319,39.1044,12.655980110168457,19.82943344116211,26.759918212890625,30.687000274658203,22.536998748779297,75.35635375976562,0.0,1013.7750854492188,1013.5441284179688
1073,24,24.4672,54.6031,18.06142807006836,21.142147064208984,23.3070011138916,25.91950035095215,20.219501495361328,63.80649185180664,0.0,1018.5458984375,1017.724609375
1075,77,21.6319,39.1044,25.986364364624023,39.291160583496094,25.441164016723633,31.336999893188477,19.786998748779297,53.65507125854492,0.0,1012.7749633789062,1012.543212890625
1076,1,-37.8497,144.968,26.828584671020508,37.49015808105469,20.729333877563477,26.508501052856445,15.608500480651855,66.02871704101562,1.5,1017.5875854492188,1017.3508911132812
1077,21,44.3439,11.7167,20.823333740234375,39.36365509033203,12.91208267211914,15.922499656677246,9.122499465942383,75.46941375732422,2.4000000953674316,1005.8250122070312,1001.1531372070312
1078,79,25.9581,-80.2389,17.28721046447754,25.284713745117188,25.948915481567383,33.125999450683594,21.575998306274414,74.41033935546875,4.900000095367432,1010.9874877929688,1010.4102172851562
1079,4,41.57,2.26111,14.964255332946777,31.90217399597168,25.69483184814453,35.0989990234375,18.5989990234375,34.61259078979492,0.0,1011.7625122070312,997.8757934570312
1080,6,43.7347,7.42056,11.300288200378418,21.575986862182617,21.90216636657715,25.147998809814453,19.047998428344727,70.39026641845703,3.5,1003.9750366210938,1002.1170043945312
1081,73,40.3725,49.8533,19.630821228027344,26.124195098876953,24.229333877563477,27.083499908447266,18.883499145507812,61.45560836791992,0.0,1007.7958984375,1009.8825073242188
1082,7,45.5,-73.5228,33.91214370727539,41.140926361083984,15.397833824157715,20.95199966430664,11.251999855041504,47.724639892578125,0.0,1013.3541870117188,1012.0352172851562
1083,9,52.0786,-1.01694,16.553428649902344,23.979890823364258,13.932917594909668,18.72249984741211,8.72249984741211,76.662353515625,0.9000000357627869,1019.191650390625,1000.9509887695312
1084,70,47.2197,14.7647,12.314923286437988,25.9649600982666,15.517416954040527,20.406999588012695,12.157000541687012,71.45577239990234,2.9000000953674316,1019.7666625976562,941.3728637695312
1085,34,43.2506,5.79167,12.17158031463623,18.94708251953125,27.224584579467773,33.459999084472656,20.760000228881836,50.55206298828125,0.0,1016.6083374023438,968.7337036132812
1086,11,47.5789,19.2486,28.418853759765625,40.76115798950195,17.46808433532715,20.44099998474121,14.390999794006348,79.77307891845703,7.90000057220459,1012.9541015625,984.8494262695312
1087,13,50.4372,5.97139,19.18697166442871,27.534704208374023,16.298250198364258,20.617000579833984,13.217000007629395,66.89019775390625,0.5,1019.625,973.8327026367188
1088,39,52.3888,4.54092,13.926556587219238,20.59250259399414,19.51799964904785,24.58049964904785,14.530500411987305,78.16345977783203,0.20000000298023224,1016.9500122070312,1016.3566284179688
1089,14,45.6156,9.28111,8.845878601074219,17.076297760009766,20.089082717895508,25.786998748779297,15.087000846862793,71.30387115478516,0.0,1015.0374145507812,993.7815551757812
1091,15,1.2914,103.864,6.306626796722412,16.087610244750977,26.355667114257812,28.48900032043457,24.73900032043457,85.96428680419922,6.400000095367432,1008.9041137695312,1008.0989379882812
1092,22,34.8431,136.541,18.600481033325195,33.355899810791016,17.822168350219727,19.668001174926758,15.918000221252441,89.78106689453125,30.100000381469727,1016.7750854492188,1012.4880981445312
1093,69,30.1328,-97.6411,40.19819641113281,46.795841217041016,24.801084518432617,30.386499404907227,20.5364990234375,61.76753616333008,0.0,1010.6625366210938,993.0003051757812
1094,32,19.4042,-99.0907,7.804116725921631,27.021591186523438,16.889665603637695,23.99799919128418,10.498000144958496,67.0469970703125,1.100000023841858,1016.6958618164062,786.4279174804688
1095,18,-23.7036,-46.6997,14.286883354187012,29.79312515258789,19.620582580566406,28.043498992919922,15.043499946594238,87.7984848022461,0.0,1013.254150390625,925.917724609375
1096,24,24.4672,54.6031,27.339746475219727,31.682043075561523,27.527833938598633,30.3695011138916,25.16950035095215,62.57756423950195,0.0,1014.9583129882812,1014.1515502929688
1098,3,26.0325,50.5106,12.609820365905762,20.969804763793945,24.752500534057617,32.21500015258789,17.415000915527344,38.03926467895508,0.0,1018.7958984375,1017.8613891601562
1099,77,21.6319,39.1044,20.495086669921875,31.07907485961914,24.874502182006836,30.636999130249023,18.836999893188477,48.29109191894531,0.0,1011.5750122070312,1011.3430786132812
1100,1,-37.8497,144.968,12.109272003173828,24.724950790405273,12.675167083740234,17.85849952697754,6.758499622344971,79.58643341064453,0.0,1020.1666870117188,1019.9227905273438
1101,73,40.3725,49.8533,25.766250610351562,53.52389907836914,20.210582733154297,26.68349838256836,16.133499145507812,68.90533447265625,1.5,1006.3958129882812,1008.50830078125
1102,79,25.9581,-80.2389,28.56890106201172,34.65175247192383,24.09891700744629,26.875999450683594,21.325998306274414,75.31153106689453,2.0999999046325684,1019.2041625976562,1018.61865234375
1104,6,43.7347,7.42056,7.690212726593018,21.31613540649414,21.502166748046875,24.447999954223633,18.047998428344727,71.33978271484375,6.899999618530273,1014.2041015625,1012.32470703125
1105,4,41.57,2.26111,9.388897895812988,16.65753936767578,19.092748641967773,22.8489990234375,14.89900016784668,81.17709350585938,10.799999237060547,1015.36669921875,1001.12353515625
1106,7,45.5,-73.5228,26.303251266479492,33.27031326293945,15.670750617980957,19.652000427246094,12.652000427246094,78.91472625732422,1.4000000953674316,1011.2542114257812,1009.9393920898438
1107,70,47.2197,14.7647,7.935304164886475,16.43430519104004,18.069499969482422,24.006999969482422,11.506999969482422,72.12232208251953,0.30000001192092896,1011.9124145507812,934.76416015625
1108,9,52.0786,-1.01694,20.115755081176758,31.394393920898438,17.56833267211914,21.772499084472656,13.72249984741211,74.7967529296875,0.30000001192092896,1018.3916625976562,1000.3920288085938
1109,11,47.5789,19.2486,13.85387897491455,21.252197265625,22.651418685913086,28.391000747680664,15.390999794006348,56.99715805053711,0.0,1016.2000122070312,988.485595703125
1110,13,50.4372,5.97139,33.08820343017578,41.21174621582031,15.479499816894531,18.067001342773438,13.166999816894531,77.54007720947266,2.5,1014.1499633789062,968.48046875
1111,39,52.3888,4.54092,26.83257293701172,32.569557189941406,15.434666633605957,17.08049964904785,13.430500030517578,79.50714874267578,4.400000095367432,1008.4000854492188,1007.8032836914062
1112,14,45.6156,9.28111,9.22748851776123,20.907913208007812,22.626585006713867,27.886999130249023,16.98699951171875,76.50281524658203,0.0,1021.7792358398438,1000.5626831054688
1113,15,1.2914,103.864,13.046104431152344,17.935081481933594,28.3973331451416,30.68899917602539,26.48900032043457,75.512451171875,2.700000286102295,1009.6875,1008.88720703125
1114,22,34.8431,136.541,15.240314483642578,35.86474609375,23.53466796875,26.518001556396484,19.718000411987305,66.088134765625,0.0,1017.8291015625,1013.6201171875
1115,78,25.49,51.4542,12.532474517822266,30.853069305419922,32.680999755859375,40.54349899291992,27.043498992919922,60.061767578125,0.0,1009.7958374023438,1008.4430541992188
1116,69,30.1328,-97.6411,22.764822006225586,34.428497314453125,25.99275016784668,31.386499404907227,21.0364990234375,60.89863204956055,0.10000000149011612,1012.3875122070312,994.7650756835938
1117,32,19.4042,-99.0907,13.054631233215332,35.53803253173828,17.139665603637695,25.148000717163086,12.54800033569336,69.96844482421875,0.30000001192092896,1015.38330078125,785.575927734375
1118,18,-23.7036,-46.6997,19.474035263061523,29.05536651611328,17.585166931152344,21.0935001373291,14.793499946594238,81.03060150146484,0.30000001192092896,1016.1124877929688,927.958984375
1119,80,36.1147,-115.173,34.6588249206543,66.5999984741211,14.293416023254395,18.982999801635742,9.933000564575195,52.078304290771484,0.0,1012.99169921875,938.863037109375
1120,24,24.4672,54.6031,9.652010917663574,23.740901947021484,24.411169052124023,29.1195011138916,19.069499969482422,59.9119873046875,0.0,1015.5208129882812,1014.7050170898438
1121,3,26.0325,50.5106,14.499590873718262,24.575109481811523,16.752500534057617,21.26500129699707,12.764999389648438,54.6929931640625,0.0,1018.6541137695312,1017.6942749023438
1122,77,21.6319,39.1044,23.347997665405273,32.409996032714844,23.616165161132812,29.187000274658203,18.336999893188477,60.4742546081543,0.0,1013.4791870117188,1013.245849609375
1123,1,-37.8497,144.968,22.00075340270996,29.024127960205078,16.3001651763916,21.458499908447266,12.108500480651855,66.55682373046875,0.0,1021.1875,1020.9464721679688
1124,22,34.8431,136.541,8.102581977844238,18.07902717590332,15.965916633605957,21.06800079345703,12.267999649047852,80.10579681396484,0.30000001192092896,1017.6749877929688,1013.3564453125
1125,17,31.3389,121.22,11.077472686767578,16.65753936767578,16.199750900268555,20.243499755859375,13.643499374389648,82.95181274414062,1.7000000476837158,1011.8250122070312,1011.34716796875
1126,79,25.9581,-80.2389,21.843734741210938,27.682571411132812,25.25933265686035,28.775999069213867,22.125999450683594,71.6790771484375,0.30000001192092896,1016.55419921875,1015.9724731445312
1127,21,44.3439,11.7167,9.250565528869629,15.463244438171387,18.80583381652832,24.122501373291016,12.672499656677246,78.37862396240234,0.20000000298023224,1011.3916625976562,1006.7879028320312
1128,6,43.7347,7.42056,6.002213001251221,9.504273414611816,18.016748428344727,20.847999572753906,14.447999954223633,81.8277359008789,0.0,1018.3999633789062,1016.490234375
1129,7,45.5,-73.5228,29.26801872253418,37.35683059692383,16.537416458129883,19.302000045776367,14.501999855041504,76.0191879272461,4.400000095367432,999.9666137695312,998.67041015625
1130,4,41.57,2.26111,11.506465911865234,23.02311897277832,19.969833374023438,22.39900016784668,18.249000549316406,79.474609375,2.8000001907348633,1016.1666870117188,1001.9555053710938
1131,70,47.2197,14.7647,11.686660766601562,19.881649017333984,22.654916763305664,28.956998825073242,16.706998825073242,68.82164764404297,0.0,1010.9541625976562,935.0164184570312
1132,9,52.0786,-1.01694,24.66705894470215,30.421598434448242,12.614166259765625,16.072498321533203,8.97249984741211,77.37947845458984,2.0,1009.0,990.8604125976562
1133,11,47.5789,19.2486,9.073100090026855,14.458381652832031,23.626413345336914,27.94099998474121,19.240999221801758,69.97371673583984,0.20000000298023224,1008.816650390625,981.3956909179688
1134,13,50.4372,5.97139,13.6122465133667,24.149532318115234,15.850333213806152,19.91699981689453,11.717000007629395,78.641357421875,0.0,1025.1749267578125,979.0636596679688
1135,39,52.3888,4.54092,36.08272171020508,40.07011795043945,16.784666061401367,18.33049964904785,14.880499839782715,65.77236938476562,3.0999999046325684,1017.4541015625,1016.85498046875
1136,14,45.6156,9.28111,11.690299034118652,33.9852180480957,24.961999893188477,30.786998748779297,20.536998748779297,68.71923828125,19.100000381469727,1015.00830078125,994.0967407226562
1137,73,40.3725,49.8533,26.625076293945312,34.979331970214844,23.062665939331055,27.033498764038086,18.333499908447266,47.41329574584961,0.0,1014.7000122070312,1016.809326171875
1138,15,1.2914,103.864,13.696483612060547,22.553936004638672,29.628583908081055,32.189002990722656,25.638999938964844,74.3170166015625,0.0,1008.5166015625,1007.7205200195312
1139,69,30.1328,-97.6411,17.51841163635254,28.85619354248047,23.174001693725586,29.5364990234375,16.386499404907227,55.46902084350586,0.0,1025.175048828125,1007.1604614257812
1140,32,19.4042,-99.0907,19.85194969177246,35.654541015625,15.002166748046875,20.847999572753906,11.447999954223633,71.54300689697266,1.8000000715255737,1022.86669921875,789.918701171875
1141,18,-23.7036,-46.6997,14.824603080749512,23.76068115234375,20.178916931152344,21.8435001373291,19.3435001373291,92.98727416992188,16.600000381469727,1015.2542114257812,927.9165649414062
1142,80,36.1147,-115.173,15.824908256530762,38.71046447753906,12.90383243560791,22.83300018310547,4.933000087738037,21.965591430664062,0.0,1011.8250122070312,937.4130859375
1143,78,25.49,51.4542,31.44748878479004,38.31632995605469,19.70599937438965,23.14349937438965,17.193500518798828,59.954830169677734,0.0,1016.7374877929688,1015.3153686523438
1144,24,24.4672,54.6031,19.04210662841797,24.449539184570312,23.613250732421875,30.069499969482422,18.16950035095215,51.51967239379883,0.0,1018.7124633789062,1017.8919067382812
1145,1,-37.8497,144.968,35.36228561401367,44.67845153808594,14.90433406829834,20.308500289916992,12.408500671386719,68.9071044921875,13.100000381469727,1016.566650390625,1016.3255004882812
1146,17,31.3389,121.22,22.519433975219727,32.48788070678711,20.099748611450195,27.793498992919922,13.293499946594238,52.6489372253418,3.3999998569488525,1012.25830078125,1011.78662109375
1147,22,34.8431,136.541,18.205385208129883,29.776264190673828,11.62633228302002,15.717999458312988,8.267999649047852,78.78475952148438,7.400000095367432,1014.5166625976562,1010.1461791992188
1148,3,26.0325,50.5106,28.154006958007812,34.8907585144043,26.117082595825195,30.315000534057617,22.46500015258789,55.29608154296875,0.0,1009.5333862304688,1008.61181640625
1149,77,21.6319,39.1044,13.762652397155762,20.53262710571289,30.603662490844727,35.73699951171875,26.536998748779297,45.42885971069336,0.0,1007.4041137695312,1007.1775512695312
1150,79,25.9581,-80.2389,13.769024848937988,19.620826721191406,25.332246780395508,29.075998306274414,22.875999450683594,74.21400451660156,2.0,1013.3458862304688,1012.76611328125
1151,21,44.3439,11.7167,31.65797233581543,44.18073654174805,18.235000610351562,22.22249984741211,13.32249927520752,57.267730712890625,1.0,1015.1541137695312,1010.5245971679688
1152,6,43.7347,7.42056,8.36036205291748,15.02757453918457,18.439664840698242,22.047998428344727,13.54800033569336,67.7201156616211,0.0,1016.74169921875,1014.8375854492188
1153,4,41.57,2.26111,8.597640037536621,12.81544303894043,23.89691734313965,30.0989990234375,16.249000549316406,63.03350830078125,0.0,1017.8208618164062,1003.7702026367188
1154,7,45.5,-73.5228,8.804144859313965,19.787721633911133,18.662416458129883,25.802000045776367,11.052000045776367,45.375885009765625,0.0,1020.4500122070312,1019.1364135742188
1155,70,47.2197,14.7647,7.6521430015563965,16.940095901489258,24.129915237426758,31.906999588012695,14.907000541687012,59.373321533203125,0.0,1022.7207641601562,946.2534790039062
1156,9,52.0786,-1.01694,23.50860595703125,32.3123779296875,16.689165115356445,19.17249870300293,13.772500038146973,76.63164520263672,12.100000381469727,1006.4583129882812,988.61669921875
1157,13,50.4372,5.97139,13.779003143310547,21.573734283447266,15.066998481750488,18.71700096130371,13.016999244689941,93.17430877685547,10.0,1014.6000366210938,968.8463745117188
1158,11,47.5789,19.2486,16.518308639526367,38.95035171508789,19.953500747680664,25.340999603271484,16.340999603271484,68.03766632080078,3.0999999046325684,1014.254150390625,986.3461303710938
1159,39,52.3888,4.54092,20.365013122558594,32.185791015625,18.836748123168945,21.780498504638672,16.8804988861084,78.29782104492188,2.4000000953674316,1006.2666625976562,1005.67822265625
1160,14,45.6156,9.28111,5.2369866371154785,9.614425659179688,20.30991554260254,25.336999893188477,15.087000846862793,74.14458465576172,0.0,1019.0750122070312,997.7499389648438
1161,73,40.3725,49.8533,36.701351165771484,42.53831100463867,17.437665939331055,19.533498764038086,16.083499908447266,72.77857208251953,0.800000011920929,1018.9791870117188,1021.1382446289062
1162,15,1.2914,103.864,9.234742164611816,22.786178588867188,27.65358543395996,30.48900032043457,25.038999557495117,81.56353759765625,1.8000000715255737,1011.7041015625,1010.9002075195312
1163,69,30.1328,-97.6411,26.933767318725586,38.559513092041016,25.596914291381836,31.736499786376953,19.83650016784668,40.44231414794922,0.0,1015.7333984375,998.0283813476562
1164,32,19.4042,-99.0907,7.6173176765441895,21.122215270996094,19.770917892456055,27.197999954223633,12.14799976348877,46.81626892089844,0.0,1014.8792114257812,786.94677734375
1165,18,-23.7036,-46.6997,21.901779174804688,29.555099487304688,16.212249755859375,19.493499755859375,14.193499565124512,83.45384979248047,2.4000000953674316,1017.8583374023438,929.1581420898438
1166,80,36.1147,-115.173,13.532661437988281,27.076690673828125,12.697583198547363,18.03299903869629,8.433000564575195,58.54679489135742,0.0,1015.4332885742188,940.72802734375
1167,78,25.49,51.4542,16.705774307250977,22.608457565307617,21.533082962036133,26.993499755859375,16.14349937438965,69.05467987060547,0.0,1017.5791625976562,1016.1643676757812
